Rk,Player,Pos,Age,Tm,G,GS,MP,FG,FGA,FG%,3P,3PA,3P%,2P,2PA,2P%,eFG%,FT,FTA,FT%,ORB,DRB,TRB,AST,STL,BLK,TOV,PF,PTS
1,Precious Achiuwa,C,24,TOR,14,0,254,41,95,0.432,6,23,0.261,35,72,0.486,0.463,14,25,0.56,32,54,86,28,8,6,18,25,102
2,Bam Adebayo,C,26,MIA,16,16,537,132,253,0.522,1,3,0.333,131,250,0.524,0.524,91,112,0.813,33,126,159,62,19,16,39,39,356
3,Ochai Agbaji,SG,23,UTA,20,8,402,44,96,0.458,23,59,0.39,21,37,0.568,0.578,4,6,0.667,18,36,54,22,12,12,15,29,115
4,Santi Aldama,PF,23,MEM,13,4,354,72,159,0.453,23,74,0.311,49,85,0.576,0.525,14,23,0.609,19,63,82,25,10,9,16,24,181
5,Nickeil Alexander-Walker,SG,25,MIN,19,8,447,48,117,0.41,26,75,0.347,22,42,0.524,0.521,5,11,0.455,8,33,41,51,18,14,20,37,127
6,Grayson Allen,SG,28,PHO,18,18,590,72,148,0.486,40,86,0.465,32,62,0.516,0.622,29,33,0.879,14,70,84,53,11,7,28,42,213
7,Jarrett Allen,C,25,CLE,15,15,441,83,120,0.692,0,0,,83,120,0.692,0.692,41,55,0.745,48,73,121,35,8,17,26,40,207
8,Jose Alvarado,PG,25,NOP,8,0,131,22,51,0.431,11,27,0.407,11,24,0.458,0.539,3,8,0.375,4,13,17,16,9,3,8,10,58
9,Kyle Anderson,PF,30,MIN,19,0,459,53,106,0.5,2,12,0.167,51,94,0.543,0.509,30,44,0.682,15,57,72,76,16,15,31,28,138
10,Giannis Antetokounmpo,PF,29,MIL,19,19,652,219,361,0.607,8,35,0.229,211,326,0.647,0.618,123,188,0.654,53,152,205,94,26,26,79,59,569
11,Thanasis Antetokounmpo,PF,31,MIL,7,0,44,3,8,0.375,0,0,,3,8,0.375,0.375,0,0,,2,2,4,4,1,1,4,7,6
12,Cole Anthony,PG,23,ORL,20,0,515,98,222,0.441,29,78,0.372,69,144,0.479,0.507,79,93,0.849,23,69,92,71,15,10,41,60,304
13,OG Anunoby,SF,26,TOR,16,16,509,88,190,0.463,40,100,0.4,48,90,0.533,0.568,17,29,0.586,17,49,66,34,18,12,28,38,233
14,Ryan Arcidiacono,PG,29,NYK,5,0,11,0,1,0,0,1,0,0,0,,0,0,0,,0,2,2,0,0,0,0,0,0
15,Deni Avdija,SF,23,WAS,19,19,506,92,175,0.526,20,52,0.385,72,123,0.585,0.583,29,35,0.829,25,75,100,70,17,5,27,44,233
16,Deandre Ayton,C,25,POR,18,18,575,108,184,0.587,0,0,,108,184,0.587,0.587,17,21,0.81,56,138,194,28,22,13,35,46,233
17,Udoka Azubuike,C,24,PHO,2,0,9,1,1,1,0,0,,1,1,1,1,0,0,,0,4,4,0,0,0,0,1,2
18,Marvin Bagley III,C,24,DET,19,6,343,73,127,0.575,1,5,0.2,72,122,0.59,0.579,40,46,0.87,35,56,91,23,2,12,22,29,187
19,Amari Bailey,PG,19,CHO,1,0,3,1,3,0.333,0,0,,1,3,0.333,0.333,0,0,,2,0,2,0,0,0,0,0,2
20,Patrick Baldwin Jr.,SF,21,WAS,3,0,11,0,2,0,0,1,0,0,1,0,0,0,0,,0,1,1,1,0,0,0,1,0
21,LaMelo Ball,PG,22,CHO,15,15,501,132,298,0.443,52,134,0.388,80,164,0.488,0.53,54,63,0.857,23,59,82,123,21,4,59,52,370
22,Mo Bamba,C,25,PHI,9,0,57,13,24,0.542,3,7,0.429,10,17,0.588,0.604,6,8,0.75,12,9,21,1,1,7,6,7,35
23,Paolo Banchero,PF,21,ORL,20,20,668,141,293,0.481,27,61,0.443,114,232,0.491,0.527,81,121,0.669,27,110,137,97,21,11,62,46,390
24,Desmond Bane,SG,25,MEM,19,19,646,164,362,0.453,62,168,0.369,102,194,0.526,0.539,62,73,0.849,18,66,84,99,26,13,52,59,452
25,Dalano Banton,PG,24,BOS,10,1,91,13,27,0.481,1,7,0.143,12,20,0.6,0.5,5,6,0.833,10,15,25,5,2,2,5,12,32
26,Dominick Barlow,PF,20,SAS,7,0,35,3,7,0.429,0,0,,3,7,0.429,0.429,2,4,0.5,0,5,5,0,1,0,0,2,8
27,Harrison Barnes,PF,31,SAC,19,19,600,76,159,0.478,34,90,0.378,42,69,0.609,0.585,39,47,0.83,15,47,62,28,15,3,16,21,225
28,Scottie Barnes,SG,22,TOR,20,20,696,146,313,0.466,39,102,0.382,107,211,0.507,0.529,61,79,0.772,53,128,181,109,36,26,46,42,392
29,RJ Barrett,SG,23,NYK,14,14,410,88,209,0.421,28,72,0.389,60,137,0.438,0.488,56,67,0.836,7,44,51,38,7,3,28,22,260
30,Charles Bassey,C,23,SAS,19,0,205,29,40,0.725,0,1,0,29,39,0.744,0.725,5,6,0.833,23,53,76,21,8,17,15,31,63
31,Emoni Bates,SF,20,CLE,7,0,52,4,15,0.267,3,12,0.25,1,3,0.333,0.367,1,2,0.5,1,8,9,2,1,1,1,2,12
32,Keita Bates-Diop,SF,28,PHO,17,7,332,35,84,0.417,9,32,0.281,26,52,0.5,0.47,23,30,0.767,18,40,58,15,12,14,4,19,102
33,Nicolas Batum,PF,35,TOT,13,7,308,27,48,0.563,20,39,0.513,7,9,0.778,0.771,3,4,0.75,12,36,48,21,9,11,7,27,77
33,Nicolas Batum,PF,35,LAC,3,0,54,3,8,0.375,2,7,0.286,1,1,1,0.5,0,0,,0,7,7,5,3,4,1,5,8
33,Nicolas Batum,PF,35,PHI,10,7,254,24,40,0.6,18,32,0.563,6,8,0.75,0.825,3,4,0.75,12,29,41,16,6,7,6,22,69
34,Bradley Beal,SG,30,PHO,3,3,86,18,46,0.391,5,15,0.333,13,31,0.419,0.446,11,16,0.688,3,13,16,11,2,1,9,9,52
35,Malik Beasley,SG,27,MIL,20,20,583,85,177,0.48,58,129,0.45,27,48,0.563,0.644,8,12,0.667,12,78,90,30,20,3,16,39,236
36,MarJon Beauchamp,SF,23,MIL,16,0,259,32,71,0.451,14,34,0.412,18,37,0.486,0.549,8,12,0.667,10,28,38,16,4,3,11,30,86
37,D?vis Bert?ns,PF,31,OKC,6,0,57,6,16,0.375,6,15,0.4,0,1,0,0.563,14,15,0.933,0,5,5,5,2,1,0,8,32
38,Patrick Beverley,PG,35,PHI,19,1,345,32,72,0.444,11,36,0.306,21,36,0.583,0.521,11,16,0.688,18,43,61,48,10,6,13,39,86
39,Saddiq Bey,SF,24,ATL,19,7,554,86,168,0.512,34,85,0.4,52,83,0.627,0.613,29,37,0.784,37,74,111,23,21,3,22,31,235
40,Goga Bitadze,C,24,ORL,18,15,359,45,83,0.542,1,4,0.25,44,79,0.557,0.548,29,40,0.725,38,70,108,32,14,26,13,44,120
41,Onuralp Bitim,SG,24,CHI,1,0,3,0,0,,0,0,,0,0,,,0,0,,0,0,0,0,0,0,0,0,0
42,Bismack Biyombo,C,31,MEM,14,13,356,38,65,0.585,0,0,,38,65,0.585,0.585,18,30,0.6,38,60,98,28,6,19,17,41,94
43,Anthony Black,PG,20,ORL,18,14,344,32,68,0.471,7,24,0.292,25,44,0.568,0.522,13,20,0.65,10,31,41,27,5,7,19,38,84
44,Leaky Black,SF,24,CHO,4,0,17,2,5,0.4,1,2,0.5,1,3,0.333,0.5,0,0,,0,2,2,1,1,2,0,1,5
45,Bogdan Bogdanovi?,SG,31,ATL,19,1,504,109,241,0.452,58,149,0.389,51,92,0.554,0.573,23,25,0.92,7,52,59,44,28,7,25,46,299
46,Bojan Bogdanovi?,PF,34,DET,1,0,27,7,15,0.467,3,10,0.3,4,5,0.8,0.567,5,6,0.833,1,1,2,2,1,0,1,1,22
47,Bol Bol,PF,24,PHO,3,0,7,1,1,1,0,0,,1,1,1,1,0,0,,0,1,1,0,0,1,2,0,2
48,Marques Bolden,C,25,MIL,1,0,3,0,0,,0,0,,0,0,,,0,0,,0,2,2,0,0,0,0,1,0
49,Devin Booker,SG,27,PHO,11,11,376,100,212,0.472,23,58,0.397,77,154,0.5,0.526,84,90,0.933,11,53,64,92,8,5,32,32,307
50,Chris Boucher,PF,31,TOR,18,0,268,40,86,0.465,14,33,0.424,26,53,0.491,0.547,31,38,0.816,24,47,71,8,7,9,7,32,125
51,James Bouknight,SG,23,CHO,1,0,5,2,3,0.667,1,2,0.5,1,1,1,0.833,0,0,,1,0,1,0,0,0,0,0,5
52,Jamaree Bouyea,PG,24,POR,6,0,57,5,21,0.238,0,8,0,5,13,0.385,0.238,0,0,,2,8,10,8,0,0,8,3,10
53,Malaki Branham,SG,20,SAS,19,8,392,65,155,0.419,18,62,0.29,47,93,0.505,0.477,8,9,0.889,4,22,26,41,8,2,22,25,156
54,Christian Braun,SG,22,DEN,21,0,438,73,154,0.474,14,34,0.412,59,120,0.492,0.519,27,37,0.73,19,69,88,42,8,5,15,34,187
55,Mikal Bridges,SF,27,BRK,19,19,665,157,327,0.48,40,112,0.357,117,215,0.544,0.541,80,94,0.851,22,96,118,74,21,9,48,34,434
56,Miles Bridges,SF,25,CHO,8,6,290,59,118,0.5,16,36,0.444,43,82,0.524,0.568,30,36,0.833,7,49,56,22,10,3,13,17,164
57,Oshae Brissett,SF,25,BOS,8,0,90,3,17,0.176,1,9,0.111,2,8,0.25,0.206,7,12,0.583,8,13,21,3,4,0,2,9,14
58,Malcolm Brogdon,PG,31,POR,14,9,409,91,218,0.417,30,78,0.385,61,140,0.436,0.486,43,54,0.796,15,44,59,89,13,3,26,18,255
59,Armoni Brooks,PG,25,BRK,5,0,45,6,17,0.353,5,13,0.385,1,4,0.25,0.5,0,0,,2,8,10,0,0,0,1,1,17
60,Dillon Brooks,SF,28,HOU,17,17,522,81,169,0.479,30,68,0.441,51,101,0.505,0.568,33,40,0.825,12,45,57,30,16,1,30,69,225
61,Bruce Brown,SG,27,IND,19,19,608,88,184,0.478,26,72,0.361,62,112,0.554,0.549,39,47,0.83,9,75,84,54,23,5,22,45,241
62,Jaylen Brown,SF,27,BOS,19,19,652,163,355,0.459,45,133,0.338,118,222,0.532,0.523,51,73,0.699,12,86,98,61,23,13,47,56,422
63,Kobe Brown,PF,24,LAC,10,0,85,8,22,0.364,4,15,0.267,4,7,0.571,0.455,0,0,,3,12,15,5,1,1,1,14,20
64,Moses Brown,C,24,POR,3,0,14,3,5,0.6,0,0,,3,5,0.6,0.6,0,2,0,4,1,5,1,1,1,0,1,6
65,Troy Brown Jr.,SF,24,MIN,15,2,206,21,50,0.42,12,32,0.375,9,18,0.5,0.54,17,20,0.85,11,31,42,10,5,1,7,12,71
66,Jalen Brunson,PG,27,NYK,19,19,675,169,362,0.467,63,133,0.474,106,229,0.463,0.554,73,88,0.83,13,58,71,105,19,1,37,41,474
67,Thomas Bryant,C,26,MIA,13,3,168,27,54,0.5,0,3,0,27,51,0.529,0.5,12,15,0.8,13,36,49,8,6,4,12,17,66
68,Kobe Bufkin,SG,20,ATL,2,0,4,0,3,0,0,1,0,0,2,0,0,1,2,0.5,1,1,2,0,0,0,0,0,1
69,Reggie Bullock,SF,32,HOU,8,0,76,4,13,0.308,4,12,0.333,0,1,0,0.462,0,0,,2,11,13,3,1,1,2,7,12
70,Alec Burks,SG,32,DET,13,0,258,38,110,0.345,26,71,0.366,12,39,0.308,0.464,38,44,0.864,7,24,31,25,5,4,5,21,140
71,Jared Butler,SG,23,WAS,7,0,36,7,15,0.467,3,9,0.333,4,6,0.667,0.567,3,3,1,0,3,3,9,4,1,3,5,20
72,Jimmy Butler,PF,34,MIA,16,16,541,111,237,0.468,17,43,0.395,94,194,0.485,0.504,120,135,0.889,33,53,86,64,19,8,28,13,359
73,Jamal Cain,PF,24,MIA,6,0,76,8,17,0.471,2,9,0.222,6,8,0.75,0.529,2,5,0.4,3,6,9,0,4,0,2,5,20
74,Kentavious Caldwell-Pope,SG,30,DEN,21,21,720,82,182,0.451,33,81,0.407,49,101,0.485,0.541,38,41,0.927,10,33,43,58,35,9,28,45,235
75,Toumani Camara,PF,23,POR,19,10,473,43,105,0.41,14,50,0.28,29,55,0.527,0.476,20,27,0.741,33,44,77,20,18,12,20,48,120
76,Clint Capela,C,29,ATL,19,19,466,87,153,0.569,0,0,,87,153,0.569,0.569,28,46,0.609,87,105,192,20,14,32,16,43,202
77,Jevon Carter,PG,28,CHI,21,0,304,45,114,0.395,25,69,0.362,20,45,0.444,0.504,0,1,0,2,10,12,25,11,6,14,23,115
78,Wendell Carter Jr.,C,24,ORL,5,5,147,17,45,0.378,5,16,0.313,12,29,0.414,0.433,8,14,0.571,11,32,43,8,3,2,8,14,47
79,Alex Caruso,SG,29,CHI,18,7,421,61,113,0.54,31,65,0.477,30,48,0.625,0.677,21,27,0.778,20,39,59,42,25,14,24,41,174
80,Colin Castleton,C,23,LAL,3,0,23,2,5,0.4,0,0,,2,5,0.4,0.4,2,2,1,3,3,6,2,0,0,0,5,6
81,Malcolm Cazalon,SG,22,DET,1,0,3,0,0,,0,0,,0,0,,,0,0,,0,0,0,0,0,0,0,0,0
82,Julian Champagnie,SF,22,SAS,12,5,194,27,73,0.37,20,52,0.385,7,21,0.333,0.507,8,11,0.727,5,19,24,13,6,9,13,11,82
83,Max Christie,SG,20,LAL,16,5,293,30,75,0.4,11,35,0.314,19,40,0.475,0.473,10,12,0.833,3,44,47,17,7,4,12,25,81
84,Sidy Cissoko,SF,19,SAS,1,0,4,0,0,,0,0,,0,0,,,0,0,,0,0,0,0,0,0,1,0,0
85,Jordan Clarkson,SG,31,UTA,17,17,536,110,266,0.414,31,98,0.316,79,168,0.47,0.472,51,61,0.836,21,35,56,84,14,2,54,24,302
86,Nic Claxton,C,24,BRK,10,10,271,57,84,0.679,0,0,,57,84,0.679,0.679,13,22,0.591,35,52,87,15,6,26,8,25,127
87,Noah Clowney,PF,19,BRK,1,0,3,0,0,,0,0,,0,0,,,0,0,,0,1,1,0,0,0,0,0,0
88,Amir Coffey,SF,26,LAC,10,0,58,4,12,0.333,0,3,0,4,9,0.444,0.333,4,4,1,2,5,7,3,1,0,2,5,12
89,John Collins,PF,26,UTA,20,20,624,109,228,0.478,30,74,0.405,79,154,0.513,0.544,40,55,0.727,54,114,168,18,12,17,27,59,288
90,Zach Collins,C,26,SAS,19,19,554,98,199,0.492,21,77,0.273,77,122,0.631,0.545,46,57,0.807,37,77,114,74,14,14,53,67,263
91,Mike Conley,PG,36,MIN,19,19,560,67,153,0.438,40,97,0.412,27,56,0.482,0.569,23,24,0.958,9,46,55,118,18,2,17,35,197
92,Pat Connaughton,SF,31,MIL,18,0,416,38,90,0.422,20,59,0.339,18,31,0.581,0.533,8,12,0.667,12,51,63,36,9,3,14,19,104
93,Bilal Coulibaly,SF,19,WAS,18,1,474,56,108,0.519,20,46,0.435,36,62,0.581,0.611,16,24,0.667,8,60,68,29,19,13,26,33,148
94,Robert Covington,SF-PF,33,TOT,19,6,356,34,77,0.442,17,46,0.37,17,31,0.548,0.552,18,21,0.857,26,43,69,18,29,15,6,38,103
94,Robert Covington,PF,33,LAC,3,3,69,3,9,0.333,2,8,0.25,1,1,1,0.444,1,2,0.5,2,6,8,7,6,2,0,7,9
94,Robert Covington,SF,33,PHI,16,3,287,31,68,0.456,15,38,0.395,16,30,0.533,0.566,17,19,0.895,24,37,61,11,23,13,6,31,94
95,Torrey Craig,SF,33,CHI,21,7,449,42,100,0.42,17,52,0.327,25,48,0.521,0.505,12,13,0.923,37,66,103,24,12,9,14,50,113
96,Jae Crowder,PF,33,MIL,9,2,240,25,47,0.532,16,31,0.516,9,16,0.563,0.702,7,12,0.583,4,31,35,15,7,3,4,14,73
97,Cade Cunningham,PG,22,DET,20,20,701,165,397,0.416,42,120,0.35,123,277,0.444,0.469,75,84,0.893,10,67,77,145,18,4,87,56,447
98,Seth Curry,SG,33,DAL,15,1,162,22,58,0.379,11,32,0.344,11,26,0.423,0.474,6,7,0.857,6,14,20,13,8,2,4,12,61
99,Stephen Curry,PG,35,GSW,18,18,602,161,338,0.476,91,211,0.431,70,127,0.551,0.611,110,118,0.932,14,76,90,84,13,4,64,32,523
100,Dyson Daniels,PG,20,NOP,22,12,560,62,151,0.411,16,64,0.25,46,87,0.529,0.464,15,24,0.625,23,78,101,72,34,8,29,44,155
101,Anthony Davis,C,30,LAL,20,20,701,172,315,0.546,3,11,0.273,169,304,0.556,0.551,110,131,0.84,66,183,249,65,21,56,42,57,457
102,Johnny Davis,SG,21,WAS,14,0,128,19,40,0.475,1,3,0.333,18,37,0.486,0.488,4,5,0.8,8,11,19,5,7,1,5,10,43
103,Dexter Dennis,SG,24,DAL,2,0,7,2,6,0.333,0,3,0,2,3,0.667,0.333,0,1,0,1,1,2,0,0,0,0,0,4
104,DeMar DeRozan,SF,34,CHI,19,19,673,145,318,0.456,18,48,0.375,127,270,0.47,0.484,100,123,0.813,17,46,63,93,18,15,23,40,408
105,Moussa Diabaté,C,22,LAC,9,0,55,9,18,0.5,0,0,,9,18,0.5,0.5,9,12,0.75,14,5,19,4,4,0,2,4,27
106,Gradey Dick,SG,20,TOR,15,1,220,17,63,0.27,10,41,0.244,7,22,0.318,0.349,14,14,1,7,15,22,15,4,0,12,23,58
107,Ousmane Dieng,PF,20,OKC,12,0,122,13,37,0.351,7,26,0.269,6,11,0.545,0.446,3,4,0.75,6,16,22,11,1,0,4,7,36
108,Spencer Dinwiddie,PG,30,BRK,18,18,565,83,203,0.409,42,119,0.353,41,84,0.488,0.512,57,71,0.803,9,63,72,113,11,2,30,29,265
109,Donte DiVincenzo,SG,27,NYK,19,2,388,60,141,0.426,43,99,0.434,17,42,0.405,0.578,11,17,0.647,15,39,54,32,18,6,21,26,174
110,Luka Don?i?,PG,24,DAL,18,18,645,194,396,0.49,69,178,0.388,125,218,0.573,0.577,108,142,0.761,12,139,151,152,24,9,69,33,565
111,Luguentz Dort,SF,24,OKC,19,19,538,66,149,0.443,33,81,0.407,33,68,0.485,0.554,31,40,0.775,21,57,78,25,18,15,19,57,196
112,Ayo Dosunmu,SG,24,CHI,19,1,334,47,92,0.511,15,42,0.357,32,50,0.64,0.592,14,18,0.778,9,22,31,32,13,2,13,30,123
113,Andre Drummond,C,30,CHI,21,0,277,48,91,0.527,0,1,0,48,90,0.533,0.527,26,44,0.591,54,82,136,13,21,7,22,34,122
114,Chris Duarte,SF,26,SAC,17,5,257,28,71,0.394,14,42,0.333,14,29,0.483,0.493,10,14,0.714,4,30,34,16,12,1,11,47,80
115,Kris Dunn,PG,29,UTA,13,1,134,19,44,0.432,4,9,0.444,15,35,0.429,0.477,5,8,0.625,4,19,23,25,7,1,15,17,47
116,Kevin Durant,PF,35,PHO,18,18,659,190,371,0.512,40,81,0.494,150,290,0.517,0.566,138,154,0.896,5,111,116,104,14,22,64,32,558
117,Jalen Duren,C,20,DET,13,12,374,72,115,0.626,0,2,0,72,113,0.637,0.626,15,27,0.556,46,96,142,35,8,18,36,47,159
118,Tari Eason,PF,22,HOU,10,0,179,28,60,0.467,6,16,0.375,22,44,0.5,0.517,5,9,0.556,16,41,57,9,5,12,7,20,67
119,Anthony Edwards,SG,22,MIN,17,17,597,157,338,0.464,43,114,0.377,114,224,0.509,0.528,89,103,0.864,13,87,100,85,22,8,55,33,446
120,Kessler Edwards,SF,23,SAC,14,0,90,6,21,0.286,4,14,0.286,2,7,0.286,0.381,1,2,0.5,3,12,15,5,2,2,1,8,17
121,Keon Ellis,SG,24,SAC,12,2,131,12,31,0.387,7,25,0.28,5,6,0.833,0.5,8,13,0.615,4,12,16,10,7,4,6,12,39
122,Joel Embiid,C,29,PHI,16,16,552,165,331,0.498,17,54,0.315,148,277,0.534,0.524,165,188,0.878,52,128,180,106,16,30,59,48,512
123,Drew Eubanks,C,26,PHO,19,0,340,50,86,0.581,2,2,1,48,84,0.571,0.593,25,30,0.833,27,59,86,28,3,21,20,40,127
124,Dante Exum,PG,28,DAL,16,0,170,32,63,0.508,4,17,0.235,28,46,0.609,0.54,9,15,0.6,8,28,36,24,5,2,5,16,77
125,Bruno Fernando,C,25,ATL,5,0,16,3,9,0.333,0,1,0,3,8,0.375,0.333,1,1,1,3,1,4,0,0,0,4,3,7
126,Dorian Finney-Smith,PF,30,BRK,18,17,566,74,159,0.465,49,108,0.454,25,51,0.49,0.619,1,3,0.333,37,62,99,26,9,12,17,42,198
127,Malachi Flynn,PG,25,TOR,20,0,331,38,92,0.413,18,53,0.34,20,39,0.513,0.511,12,16,0.75,9,32,41,43,13,4,19,27,106
128,Simone Fontecchio,SF,28,UTA,18,5,319,47,109,0.431,29,77,0.377,18,32,0.563,0.564,7,8,0.875,14,31,45,21,7,7,18,25,130
129,Jordan Ford,PG,25,SAC,5,0,14,2,5,0.4,1,2,0.5,1,3,0.333,0.5,2,2,1,0,1,1,1,0,0,0,0,7
130,Trent Forrest,SG,25,ATL,4,0,31,1,4,0.25,0,0,,1,4,0.25,0.25,2,2,1,1,0,1,7,0,0,1,2,4
131,Evan Fournier,SG,31,NYK,1,0,16,1,6,0.167,0,4,0,1,2,0.5,0.167,0,0,,0,1,1,1,1,0,0,2,2
132,De'Aaron Fox,PG,26,SAC,14,14,512,150,313,0.479,41,115,0.357,109,198,0.551,0.545,83,114,0.728,14,52,66,90,22,5,32,40,424
133,Alex Fudge,SF,20,LAL,4,0,14,1,6,0.167,0,2,0,1,4,0.25,0.167,2,2,1,2,0,2,0,0,0,1,1,4
134,Markelle Fultz,PG,25,ORL,5,5,143,27,56,0.482,0,3,0,27,53,0.509,0.482,3,4,0.75,8,9,17,20,6,2,6,6,57
135,Daniel Gafford,C,25,WAS,17,17,427,71,101,0.703,0,0,,71,101,0.703,0.703,25,39,0.641,45,84,129,27,11,35,20,58,167
136,Danilo Gallinari,PF,35,WAS,17,0,267,46,96,0.479,14,42,0.333,32,54,0.593,0.552,30,37,0.811,10,44,54,25,4,3,8,18,136
137,Darius Garland,PG,24,CLE,15,15,501,105,227,0.463,24,72,0.333,81,155,0.523,0.515,55,67,0.821,8,32,40,88,23,4,64,23,289
138,Luka Garza,C,25,MIN,4,0,13,4,10,0.4,0,2,0,4,8,0.5,0.4,5,8,0.625,3,3,6,0,0,0,1,3,13
139,Kaiser Gates,SF,27,NOP,1,0,7,0,4,0,0,2,0,0,2,0,0,0,0,,0,1,1,0,0,0,0,0,0
140,Keyonte George,PG,20,UTA,20,12,521,66,190,0.347,32,103,0.311,34,87,0.391,0.432,46,59,0.78,12,53,65,99,10,2,44,24,210
141,Paul George,PF,33,LAC,19,19,676,153,345,0.443,61,160,0.381,92,185,0.497,0.532,79,85,0.929,12,99,111,81,31,3,46,57,446
142,Josh Giddey,SG,21,OKC,19,19,500,97,227,0.427,13,42,0.31,84,185,0.454,0.456,21,27,0.778,29,80,109,79,14,9,51,24,228
143,Harry Giles,C,25,BRK,2,0,12,5,6,0.833,1,2,0.5,4,4,1,0.917,1,1,1,0,2,2,0,0,0,1,2,12
144,Shai Gilgeous-Alexander,PG,25,OKC,18,18,622,196,364,0.538,23,63,0.365,173,301,0.575,0.57,123,131,0.939,15,88,103,113,44,16,39,44,538
145,Anthony Gill,PF,31,WAS,11,0,68,10,20,0.5,0,3,0,10,17,0.588,0.5,10,12,0.833,4,9,13,5,3,3,7,5,30
146,Collin Gillespie,PG,24,DEN,10,0,81,8,19,0.421,3,12,0.25,5,7,0.714,0.5,1,1,1,0,3,3,8,5,0,4,9,20
147,Jacob Gilyard,PG,25,MEM,14,7,231,19,44,0.432,16,39,0.41,3,5,0.6,0.614,1,1,1,6,12,18,43,9,1,8,16,55
148,Rudy Gobert,C,31,MIN,19,19,622,94,156,0.603,0,0,,94,156,0.603,0.603,64,104,0.615,69,152,221,20,11,45,30,53,252
149,Jordan Goodwin,PG,25,PHO,20,0,342,46,118,0.39,20,57,0.351,26,61,0.426,0.475,13,16,0.813,22,53,75,41,15,6,15,24,125
150,Aaron Gordon,PF,28,DEN,17,17,575,96,194,0.495,9,39,0.231,87,155,0.561,0.518,26,50,0.52,46,76,122,64,18,15,30,32,227
151,Eric Gordon,SG,35,PHO,18,14,568,101,214,0.472,52,126,0.413,49,88,0.557,0.593,11,14,0.786,7,31,38,53,18,10,27,27,265
152,Devonte' Graham,PG,28,SAS,3,0,36,2,7,0.286,0,4,0,2,3,0.667,0.286,4,5,0.8,1,1,2,11,2,1,2,2,8
153,Jerami Grant,PF,29,POR,19,19,664,139,318,0.437,49,119,0.412,90,199,0.452,0.514,93,112,0.83,13,60,73,42,16,17,47,42,420
154,A.J. Green,SG,24,MIL,12,0,90,11,30,0.367,8,26,0.308,3,4,0.75,0.5,1,1,1,2,7,9,8,0,0,0,9,31
155,Danny Green,SG,36,PHI,2,0,18,0,2,0,0,1,0,0,1,0,0,0,0,,0,2,2,1,1,0,0,1,0
156,Draymond Green,PF,33,GSW,12,12,294,42,87,0.483,17,36,0.472,25,51,0.49,0.58,20,24,0.833,15,51,66,63,6,8,25,33,121
157,Jalen Green,SG,21,HOU,17,17,543,108,257,0.42,37,106,0.349,71,151,0.47,0.492,70,89,0.787,7,71,78,56,10,7,42,26,323
158,Jeff Green,PF,37,HOU,17,0,247,34,63,0.54,7,21,0.333,27,42,0.643,0.595,26,34,0.765,13,25,38,10,3,7,10,18,101
159,Josh Green,SG,23,DAL,18,5,454,46,109,0.422,23,63,0.365,23,46,0.5,0.528,9,17,0.529,10,42,52,43,17,3,17,31,124
160,AJ Griffin,SF,20,ATL,11,0,101,10,33,0.303,8,24,0.333,2,9,0.222,0.424,2,2,1,2,8,10,3,1,0,4,5,30
161,Quentin Grimes,SG,23,NYK,17,17,393,37,102,0.363,29,83,0.349,8,19,0.421,0.505,2,3,0.667,4,18,22,21,13,0,9,29,105
162,Mouhamed Gueye,PF,21,ATL,2,0,4,0,1,0,0,1,0,0,0,,0,0,0,,0,0,0,0,1,0,0,1,0
163,Rui Hachimura,PF,25,LAL,12,1,279,52,103,0.505,15,35,0.429,37,68,0.544,0.578,22,28,0.786,12,34,46,12,11,3,12,18,141
164,Tyrese Haliburton,PG,23,IND,17,17,583,158,303,0.521,68,152,0.447,90,151,0.596,0.634,74,84,0.881,10,58,68,202,18,11,40,19,458
165,R.J. Hampton,PG,22,MIA,1,0,2,0,1,0,0,0,,0,1,0,0,0,0,,0,0,0,0,0,0,0,0,0
166,Tim Hardaway Jr.,SF,31,DAL,17,0,468,97,231,0.42,58,151,0.384,39,80,0.488,0.545,33,37,0.892,6,51,57,27,4,0,14,15,285
167,James Harden,SG,34,LAC,14,14,472,67,145,0.462,34,85,0.4,33,60,0.55,0.579,52,61,0.852,5,57,62,90,22,6,30,29,220
168,Jaden Hardy,SG,21,DAL,16,0,181,35,91,0.385,11,41,0.268,24,50,0.48,0.445,18,27,0.667,6,21,27,19,5,0,12,17,99
169,Ron Harper Jr.,PF,23,TOR,1,0,4,0,0,,0,0,,0,0,,,0,0,,0,0,0,1,0,0,0,2,0
170,Gary Harris,SG,29,ORL,15,2,313,41,88,0.466,24,63,0.381,17,25,0.68,0.602,12,17,0.706,8,19,27,27,13,4,8,18,118
171,Joe Harris,SG,32,DET,7,0,98,9,25,0.36,6,19,0.316,3,6,0.5,0.48,0,0,,2,5,7,6,2,0,3,12,24
172,Tobias Harris,PF,31,PHI,19,19,669,130,252,0.516,20,62,0.323,110,190,0.579,0.556,62,70,0.886,17,98,115,51,18,6,37,31,342
173,Shaquille Harrison,SG,30,MEM,3,0,6,1,2,0.5,0,0,,1,2,0.5,0.5,0,0,,0,2,2,0,0,1,0,0,2
174,Josh Hart,SF,28,NYK,19,5,545,62,133,0.466,20,58,0.345,42,75,0.56,0.541,11,15,0.733,20,98,118,49,18,6,19,33,155
175,Isaiah Hartenstein,C,25,NYK,19,0,322,41,73,0.562,1,3,0.333,40,70,0.571,0.568,20,30,0.667,46,48,94,17,18,9,15,51,103
176,Sam Hauser,SF,26,BOS,20,2,458,68,143,0.476,57,126,0.452,11,17,0.647,0.675,7,8,0.875,18,54,72,17,10,7,12,31,200
177,Jordan Hawkins,SG,21,NOP,21,9,584,87,221,0.394,56,150,0.373,31,71,0.437,0.52,40,46,0.87,16,63,79,38,10,0,22,42,270
178,Jaxson Hayes,C,23,LAL,18,0,197,23,33,0.697,0,3,0,23,30,0.767,0.697,12,21,0.571,7,21,28,7,4,9,13,33,58
179,Killian Hayes,PG,22,DET,19,15,510,72,168,0.429,17,53,0.321,55,115,0.478,0.479,20,30,0.667,5,49,54,82,23,13,15,39,181
180,Gordon Hayward,SF,33,CHO,17,17,548,91,210,0.433,15,43,0.349,76,167,0.455,0.469,41,55,0.745,18,68,86,78,20,8,31,31,238
181,Scoot Henderson,PG,19,POR,10,5,251,35,102,0.343,9,41,0.22,26,61,0.426,0.387,13,19,0.684,8,19,27,42,5,1,34,41,92
182,Taylor Hendricks,PF,20,UTA,2,0,20,2,7,0.286,1,4,0.25,1,3,0.333,0.357,1,2,0.5,1,2,3,0,0,2,0,1,6
183,Tyler Herro,SG,24,MIA,8,8,272,68,152,0.447,25,61,0.41,43,91,0.473,0.53,22,25,0.88,3,37,40,37,11,0,20,13,183
184,Buddy Hield,SF,31,IND,19,7,479,96,209,0.459,57,141,0.404,39,68,0.574,0.596,9,11,0.818,11,43,54,51,15,11,28,38,258
185,Haywood Highsmith,PF,27,MIA,15,14,334,35,82,0.427,16,49,0.327,19,33,0.576,0.524,11,13,0.846,9,32,41,23,17,11,15,32,97
186,Nate Hinton,SG,24,HOU,4,0,16,3,6,0.5,3,3,1,0,3,0,0.75,0,0,,1,2,3,0,0,0,0,2,9
187,D'Moi Hodge,SG,25,LAL,6,0,33,3,12,0.25,2,10,0.2,1,2,0.5,0.333,1,2,0.5,0,0,0,2,1,1,1,4,9
188,Aaron Holiday,PG,27,HOU,15,1,272,38,79,0.481,14,39,0.359,24,40,0.6,0.57,6,7,0.857,3,24,27,31,8,1,6,28,96
189,Jrue Holiday,PG,33,BOS,18,18,625,83,197,0.421,31,83,0.373,52,114,0.456,0.5,23,28,0.821,32,97,129,91,12,16,39,30,220
190,Justin Holiday,SG,34,DEN,12,4,174,22,38,0.579,14,27,0.519,8,11,0.727,0.763,0,0,,3,18,21,14,6,0,3,15,58
191,Richaun Holmes,C,30,DAL,10,1,110,12,24,0.5,0,0,,12,24,0.5,0.5,5,12,0.417,15,24,39,5,1,5,6,17,29
192,Chet Holmgren,C,21,OKC,19,19,570,119,224,0.531,32,81,0.395,87,143,0.608,0.603,64,74,0.865,33,119,152,50,18,42,37,54,334
193,Jalen Hood-Schifino,SG,20,LAL,4,0,44,4,15,0.267,1,8,0.125,3,7,0.429,0.3,4,8,0.5,0,2,2,3,0,0,3,6,13
194,Al Horford,C,37,BOS,18,8,477,51,106,0.481,23,65,0.354,28,41,0.683,0.59,7,7,1,29,90,119,51,9,19,18,33,132
195,Talen Horton-Tucker,PG,23,UTA,20,8,446,69,183,0.377,24,78,0.308,45,105,0.429,0.443,23,27,0.852,10,48,58,89,19,9,38,46,185
196,Danuel House Jr.,SF,30,PHI,10,0,127,13,31,0.419,4,16,0.25,9,15,0.6,0.484,8,10,0.8,4,10,14,8,5,1,9,10,38
197,Caleb Houstan,SF,21,ORL,12,0,95,11,21,0.524,10,20,0.5,1,1,1,0.762,4,4,1,2,11,13,5,2,0,3,9,36
198,Jett Howard,SF,20,ORL,5,0,23,1,10,0.1,0,8,0,1,2,0.5,0.1,0,0,,1,1,2,2,0,0,2,0,2
199,Kevin Huerter,SG,25,SAC,18,18,502,87,192,0.453,46,121,0.38,41,71,0.577,0.573,13,16,0.813,13,72,85,54,14,6,16,41,233
200,Jay Huff,C,25,DEN,2,0,2,1,1,1,0,0,,1,1,1,1,0,0,,0,0,0,0,0,0,0,0,2
201,De'Andre Hunter,SF,26,ATL,19,19,570,90,200,0.45,33,92,0.359,57,108,0.528,0.533,59,66,0.894,13,65,78,25,18,7,29,62,272
202,Bones Hyland,PG,23,LAC,12,2,201,37,88,0.42,17,48,0.354,20,40,0.5,0.517,9,10,0.9,2,12,14,24,7,0,19,22,100
203,Joe Ingles,SF,36,ORL,20,0,378,34,81,0.42,20,51,0.392,14,30,0.467,0.543,11,13,0.846,9,43,52,69,17,2,19,31,99
204,Brandon Ingram,SF,26,NOP,19,19,652,176,353,0.499,25,82,0.305,151,271,0.557,0.534,74,95,0.779,11,90,101,101,15,3,49,39,451
205,Kyrie Irving,SG,31,DAL,15,15,500,131,288,0.455,39,105,0.371,92,183,0.503,0.523,53,59,0.898,10,52,62,82,16,5,22,28,354
206,Jonathan Isaac,PF,26,ORL,15,0,201,32,73,0.438,8,35,0.229,24,38,0.632,0.493,23,29,0.793,18,49,67,5,13,19,10,21,95
207,Jaden Ivey,SG,21,DET,16,6,369,65,131,0.496,17,49,0.347,48,82,0.585,0.561,37,47,0.787,13,30,43,47,11,6,33,45,184
208,Andre Jackson Jr.,SG,22,MIL,15,3,129,14,22,0.636,6,11,0.545,8,11,0.727,0.773,0,0,,10,10,20,11,5,0,8,23,34
209,Gregory Jackson II,PF,19,MEM,3,0,7,0,4,0,0,2,0,0,2,0,0,0,0,,1,2,3,0,1,0,1,0,0
210,Isaiah Jackson,C,22,IND,11,0,140,19,34,0.559,0,1,0,19,33,0.576,0.559,16,23,0.696,16,29,45,10,5,19,5,33,54
211,Jaren Jackson Jr.,C,24,MEM,19,19,585,125,296,0.422,26,92,0.283,99,204,0.485,0.466,96,116,0.828,34,83,117,36,11,34,37,66,372
212,Reggie Jackson,PG,33,DEN,21,13,565,116,228,0.509,35,86,0.407,81,142,0.57,0.586,18,28,0.643,8,43,51,95,16,7,35,42,285
213,Trayce Jackson-Davis,PF,23,GSW,13,0,102,12,22,0.545,0,0,,12,22,0.545,0.545,15,25,0.6,11,12,23,6,2,7,6,18,39
214,LeBron James,PF,39,LAL,20,20,671,183,332,0.551,44,115,0.383,139,217,0.641,0.617,78,113,0.69,16,136,152,127,27,15,73,21,488
215,Jaime Jaquez Jr.,SF,22,MIA,20,4,534,96,183,0.525,24,61,0.393,72,122,0.59,0.59,23,29,0.793,23,54,77,51,22,4,29,46,239
216,DaQuan Jeffries,SG,26,NYK,7,0,19,3,8,0.375,1,4,0.25,2,4,0.5,0.438,0,2,0,0,3,3,1,0,0,1,1,7
217,Ty Jerome,SG,26,CLE,2,0,15,2,4,0.5,0,1,0,2,3,0.667,0.5,0,0,,1,0,1,3,0,0,1,2,4
218,Isaiah Joe,SG,24,OKC,19,0,397,65,142,0.458,52,113,0.46,13,29,0.448,0.641,20,24,0.833,2,46,48,23,16,6,9,23,202
219,Cameron Johnson,PF,27,BRK,12,12,351,66,145,0.455,29,77,0.377,37,68,0.544,0.555,20,24,0.833,24,47,71,35,10,1,17,21,181
220,Jalen Johnson,SF,22,ATL,15,12,449,85,143,0.594,17,40,0.425,68,103,0.66,0.654,25,33,0.758,20,89,109,36,17,15,30,33,212
221,Keldon Johnson,SF,24,SAS,18,18,591,112,237,0.473,35,98,0.357,77,139,0.554,0.546,39,54,0.722,21,96,117,74,14,5,23,45,298
222,Keyontae Johnson,SF,23,OKC,1,0,6,0,1,0,0,0,,0,1,0,0,0,0,,0,0,0,0,0,0,0,0,0
223,Nikola Joki?,C,28,DEN,20,20,681,227,400,0.568,25,83,0.301,202,317,0.637,0.599,100,128,0.781,65,190,255,196,24,16,58,51,579
224,Colby Jones,SG,21,SAC,9,0,70,13,28,0.464,1,8,0.125,12,20,0.6,0.482,2,3,0.667,6,8,14,2,2,1,4,9,29
225,Damian Jones,C,28,CLE,10,0,51,4,8,0.5,0,0,,4,8,0.5,0.5,1,2,0.5,4,6,10,3,1,2,3,3,9
226,Derrick Jones Jr.,SF,26,DAL,19,18,445,67,138,0.486,34,82,0.415,33,56,0.589,0.609,19,25,0.76,21,48,69,19,11,13,19,30,187
227,Herbert Jones,SF,25,NOP,19,19,595,80,154,0.519,24,67,0.358,56,87,0.644,0.597,52,59,0.881,20,60,80,55,34,25,31,66,236
228,Tre Jones,PG,24,SAS,16,0,383,48,113,0.425,10,35,0.286,38,78,0.487,0.469,20,23,0.87,10,37,47,81,12,4,24,20,126
229,Tyus Jones,PG,27,WAS,19,19,509,88,179,0.492,21,60,0.35,67,119,0.563,0.55,9,13,0.692,6,47,53,93,18,2,12,18,206
230,DeAndre Jordan,C,35,DEN,6,1,87,15,22,0.682,0,0,,15,22,0.682,0.682,6,21,0.286,8,19,27,7,2,1,7,10,36
231,Cory Joseph,PG,32,GSW,10,0,108,6,25,0.24,4,18,0.222,2,7,0.286,0.32,4,7,0.571,2,7,9,21,3,1,5,10,20
232,Nikola Jovi?,PF,20,MIA,3,1,45,4,11,0.364,3,6,0.5,1,5,0.2,0.5,3,4,0.75,1,20,21,9,1,0,4,7,14
233,Luke Kennard,SG,27,MEM,8,0,172,21,58,0.362,17,46,0.37,4,12,0.333,0.509,7,7,1,3,20,23,16,5,1,5,4,66
234,Walker Kessler,C,22,UTA,13,8,318,53,93,0.57,2,11,0.182,51,82,0.622,0.581,11,19,0.579,41,62,103,9,3,32,15,28,119
235,Braxton Key,SF,26,DEN,6,0,15,1,5,0.2,0,2,0,1,3,0.333,0.2,1,2,0.5,0,3,3,5,0,0,0,3,3
236,Corey Kispert,SF,24,WAS,18,1,412,66,148,0.446,35,94,0.372,31,54,0.574,0.564,29,37,0.784,9,37,46,29,8,0,17,32,196
237,Maxi Kleber,C,32,DAL,5,1,90,4,16,0.25,3,9,0.333,1,7,0.143,0.344,6,10,0.6,4,17,21,10,1,1,4,8,17
238,Kevin Knox,SF,24,DET,6,2,124,21,41,0.512,9,21,0.429,12,20,0.6,0.622,2,3,0.667,5,16,21,3,4,1,6,12,53
239,John Konchar,SF,27,MEM,15,2,265,17,48,0.354,8,27,0.296,9,21,0.429,0.438,3,4,0.75,17,42,59,22,9,10,6,16,45
240,Furkan Korkmaz,SG,26,PHI,14,0,103,11,30,0.367,4,15,0.267,7,15,0.467,0.433,5,7,0.714,1,7,8,6,9,0,6,7,31
241,Luke Kornet,C,28,BOS,15,0,201,29,37,0.784,0,0,,29,37,0.784,0.784,8,10,0.8,21,30,51,9,8,13,6,19,66
242,Jonathan Kuminga,PF,21,GSW,19,1,376,75,167,0.449,11,44,0.25,64,123,0.52,0.482,48,70,0.686,14,43,57,19,10,7,26,43,209
243,Kyle Kuzma,PF,28,WAS,19,19,594,174,367,0.474,44,123,0.358,130,244,0.533,0.534,56,68,0.824,18,97,115,88,6,12,47,38,448
244,Jock Landale,C,28,HOU,13,0,113,9,26,0.346,2,10,0.2,7,16,0.438,0.385,4,4,1,9,14,23,8,4,3,8,9,24
245,Jake LaRavia,PF,22,MEM,5,0,61,7,20,0.35,2,12,0.167,5,8,0.625,0.4,1,2,0.5,3,5,8,2,1,0,2,8,17
246,Zach LaVine,SG,28,CHI,18,18,635,132,298,0.443,43,128,0.336,89,170,0.524,0.515,71,82,0.866,6,82,88,61,17,4,36,37,378
247,A.J. Lawson,SG,23,DAL,2,0,23,4,11,0.364,3,8,0.375,1,3,0.333,0.5,2,4,0.5,0,1,1,2,0,1,0,1,13
248,Saben Lee,PG,24,PHO,3,0,10,3,6,0.5,0,1,0,3,5,0.6,0.5,0,0,,2,1,3,3,0,1,0,1,6
249,Alex Len,C,30,SAC,6,0,41,6,8,0.75,0,1,0,6,7,0.857,0.75,3,7,0.429,7,9,16,5,1,5,2,2,15
250,Kawhi Leonard,SF,32,LAC,19,19,653,155,324,0.478,41,104,0.394,114,220,0.518,0.542,63,76,0.829,17,97,114,65,31,13,29,30,414
251,Caris LeVert,SG,29,CLE,16,1,486,87,213,0.408,27,87,0.31,60,126,0.476,0.472,37,50,0.74,7,52,59,57,16,6,22,29,238
252,Kira Lewis Jr.,PG,22,NOP,11,0,121,14,43,0.326,2,15,0.133,12,28,0.429,0.349,8,9,0.889,3,7,10,18,5,1,5,8,38
253,Maxwell Lewis,SF,21,LAL,10,0,43,0,5,0,0,1,0,0,4,0,0,0,0,,1,1,2,2,2,0,4,2,0
254,E.J. Liddell,PF,23,NOP,3,0,9,1,4,0.25,0,3,0,1,1,1,0.25,2,2,1,0,2,2,0,0,1,1,1,4
255,Damian Lillard,PG,33,MIL,18,18,630,132,308,0.429,51,152,0.336,81,156,0.519,0.511,144,156,0.923,13,69,82,125,19,2,50,25,459
256,Nassir Little,PF,23,PHO,14,0,211,27,56,0.482,10,32,0.313,17,24,0.708,0.571,14,16,0.875,7,24,31,9,9,8,5,18,78
257,Dereck Lively II,C,19,DAL,17,16,427,65,90,0.722,0,2,0,65,88,0.739,0.722,16,27,0.593,51,82,133,21,10,26,19,54,146
258,Isaiah Livers,PF,25,DET,6,1,135,14,40,0.35,9,27,0.333,5,13,0.385,0.463,5,7,0.714,4,10,14,7,1,0,10,10,42
259,Chris Livingston,SF,20,MIL,2,0,9,2,2,1,1,1,1,1,1,1,1.25,0,0,,0,0,0,1,0,0,0,0,5
260,Kenneth Lofton Jr.,PF,21,MEM,13,0,94,13,34,0.382,2,8,0.25,11,26,0.423,0.412,6,13,0.462,2,12,14,12,2,3,6,15,34
261,Kevon Looney,C,27,GSW,20,17,464,48,82,0.585,0,0,,48,82,0.585,0.585,19,27,0.704,58,115,173,56,15,7,19,55,115
262,Brook Lopez,C,35,MIL,20,20,596,101,199,0.508,37,102,0.363,64,97,0.66,0.601,30,37,0.811,27,71,98,27,16,55,19,47,269
263,Robin Lopez,C,35,MIL,3,0,9,0,0,,0,0,,0,0,,,2,2,1,0,0,0,1,0,0,1,2,2
264,Kevin Love,PF,35,MIA,14,4,248,33,85,0.388,20,60,0.333,13,25,0.52,0.506,24,29,0.828,15,76,91,35,2,0,8,27,110
265,Kyle Lowry,PG,37,MIA,19,19,557,59,133,0.444,40,90,0.444,19,43,0.442,0.594,20,22,0.909,17,63,80,82,23,5,25,54,178
266,Trey Lyles,PF,28,SAC,6,0,123,14,37,0.378,7,26,0.269,7,11,0.636,0.473,11,17,0.647,8,23,31,9,0,1,7,15,46
267,Théo Maledon,PG,22,CHO,13,1,200,19,66,0.288,5,30,0.167,14,36,0.389,0.326,11,12,0.917,4,19,23,28,7,0,15,18,54
268,Sandro Mamukelashvili,C,24,SAS,7,0,55,6,15,0.4,2,7,0.286,4,8,0.5,0.467,5,6,0.833,6,7,13,8,2,1,3,8,19
269,Terance Mann,SG,27,LAC,13,9,346,35,81,0.432,6,35,0.171,29,46,0.63,0.469,8,13,0.615,16,35,51,28,11,5,9,26,84
270,Tre Mann,PG,22,OKC,6,0,47,10,18,0.556,3,8,0.375,7,10,0.7,0.639,1,1,1,3,9,12,8,1,0,5,1,24
271,Boban Marjanovi?,C,35,HOU,3,0,20,5,9,0.556,0,1,0,5,8,0.625,0.556,0,1,0,2,6,8,3,0,1,0,2,10
272,Lauri Markkanen,PF,26,UTA,15,15,512,122,252,0.484,49,128,0.383,73,124,0.589,0.581,63,75,0.84,36,94,130,16,17,13,20,34,356
273,Naji Marshall,SF,26,NOP,13,0,277,37,81,0.457,15,37,0.405,22,44,0.5,0.549,26,31,0.839,18,43,61,29,11,4,17,19,115
274,Caleb Martin,SF,28,MIA,10,0,229,40,96,0.417,10,34,0.294,30,62,0.484,0.469,9,11,0.818,10,21,31,17,10,0,12,19,99
275,KJ Martin,SF,23,TOT,11,0,85,8,22,0.364,1,6,0.167,7,16,0.438,0.386,3,6,0.5,3,9,12,4,5,1,5,14,20
275,KJ Martin,SF,23,LAC,2,0,31,4,10,0.4,1,5,0.2,3,5,0.6,0.45,1,2,0.5,1,2,3,1,2,1,2,3,10
275,KJ Martin,SF,23,PHI,9,0,54,4,12,0.333,0,1,0,4,11,0.364,0.333,2,4,0.5,2,7,9,3,3,0,3,11,10
276,Garrison Mathews,SG,27,ATL,7,0,47,4,11,0.364,4,11,0.364,0,0,,0.545,0,0,,2,5,7,1,1,0,1,4,12
277,Bennedict Mathurin,SF,21,IND,19,12,470,92,206,0.447,24,65,0.369,68,141,0.482,0.505,42,54,0.778,21,51,72,37,11,3,25,36,250
278,Wesley Matthews,SG,37,ATL,9,0,95,6,17,0.353,5,16,0.313,1,1,1,0.5,4,8,0.5,2,8,10,7,3,1,2,12,21
279,Tyrese Maxey,PG,23,PHI,18,18,691,169,364,0.464,59,149,0.396,110,215,0.512,0.545,89,99,0.899,12,71,83,120,15,12,28,34,486
280,Skylar Mays,PG,26,POR,14,5,273,43,106,0.406,12,41,0.293,31,65,0.477,0.462,11,13,0.846,4,20,24,63,11,2,15,19,109
281,Miles McBride,PG,23,NYK,12,0,54,8,17,0.471,4,13,0.308,4,4,1,0.588,1,2,0.5,1,2,3,3,4,0,0,7,21
282,CJ McCollum,PG,32,NOP,9,9,308,66,148,0.446,26,71,0.366,40,77,0.519,0.534,28,36,0.778,7,31,38,54,15,9,13,20,186
283,T.J. McConnell,PG,31,IND,13,0,189,42,75,0.56,1,6,0.167,41,69,0.594,0.567,10,14,0.714,7,25,32,55,9,2,11,16,95
284,Jaden McDaniels,SF,23,MIN,11,11,260,46,79,0.582,11,29,0.379,35,50,0.7,0.652,2,2,1,7,17,24,14,6,4,11,36,105
285,Jalen McDaniels,SF,26,TOR,15,0,138,13,46,0.283,4,22,0.182,9,24,0.375,0.326,2,2,1,4,14,18,9,5,3,6,13,32
286,Doug McDermott,SF,32,SAS,17,0,283,38,79,0.481,28,59,0.475,10,20,0.5,0.658,4,6,0.667,3,16,19,31,6,2,12,22,108
287,JaVale McGee,C,36,SAC,17,0,160,40,59,0.678,0,1,0,40,58,0.69,0.678,11,19,0.579,23,39,62,7,5,11,17,20,91
288,Bryce McGowens,SG,21,CHO,13,1,205,20,45,0.444,13,29,0.448,7,16,0.438,0.589,8,10,0.8,4,21,25,12,6,2,7,18,61
289,Jordan McLaughlin,PG,27,MIN,5,0,19,1,4,0.25,1,2,0.5,0,2,0,0.375,2,2,1,0,0,0,5,0,2,0,2,5
290,De'Anthony Melton,SG,25,PHI,19,19,574,79,199,0.397,46,115,0.4,33,84,0.393,0.513,40,51,0.784,16,60,76,70,25,8,27,51,244
291,Sam Merrill,SG,27,CLE,10,0,75,8,25,0.32,8,22,0.364,0,3,0,0.48,0,0,,2,4,6,6,2,0,2,6,24
292,Chimezie Metu,C,26,PHO,11,0,78,11,22,0.5,3,9,0.333,8,13,0.615,0.568,3,4,0.75,2,13,15,4,1,3,3,13,28
293,Vasilije Mici?,PG,30,OKC,8,0,98,9,24,0.375,5,14,0.357,4,10,0.4,0.479,4,6,0.667,0,4,4,22,1,0,10,6,27
294,Khris Middleton,SF,32,MIL,16,16,333,72,156,0.462,20,61,0.328,52,95,0.547,0.526,25,32,0.781,11,56,67,62,12,1,26,30,189
295,Brandon Miller,SF,21,CHO,16,10,497,88,192,0.458,27,71,0.38,61,121,0.504,0.529,27,34,0.794,20,45,65,32,10,8,20,48,230
296,Jordan Miller,SF,24,LAC,2,0,7,2,3,0.667,1,1,1,1,2,0.5,0.833,0,0,,0,0,0,0,0,0,0,2,5
297,Leonard Miller,SF,20,MIN,3,0,6,1,2,0.5,0,0,,1,2,0.5,0.5,0,0,,0,6,6,1,0,0,0,1,2
298,Dariq Whitehead,SF,19,BRK,1,0,3,0,0,,0,0,,0,0,,,1,2,0.5,0,0,0,0,0,1,0,0,1
299,Patty Mills,PG,35,ATL,1,0,5,1,2,0.5,1,1,1,0,1,0,0.75,0,0,,0,1,1,0,0,0,0,0,3
300,Shake Milton,SG,27,MIN,19,0,309,35,97,0.361,8,37,0.216,27,60,0.45,0.402,28,35,0.8,4,33,37,29,14,3,20,30,106
301,Justin Minaya,SF,24,POR,5,0,30,2,6,0.333,2,4,0.5,0,2,0,0.5,1,2,0.5,4,1,5,0,0,1,1,1,7
302,Josh Minott,SF,21,MIN,9,0,23,6,12,0.5,0,5,0,6,7,0.857,0.5,2,4,0.5,1,2,3,1,0,1,0,4,14
303,Davion Mitchell,PG,25,SAC,14,3,237,25,69,0.362,12,41,0.293,13,28,0.464,0.449,9,9,1,1,16,17,37,5,2,13,23,71
304,Donovan Mitchell,SG,27,CLE,15,15,532,141,315,0.448,43,125,0.344,98,190,0.516,0.516,82,91,0.901,16,64,80,78,31,7,38,29,407
305,Evan Mobley,PF,22,CLE,20,20,669,134,236,0.568,2,10,0.2,132,226,0.584,0.572,50,65,0.769,55,160,215,59,16,34,44,55,320
306,Isaiah Mobley,PF,24,CLE,2,0,10,1,3,0.333,0,1,0,1,2,0.5,0.333,0,0,,0,2,2,3,1,0,1,2,2
307,Malik Monk,SG,25,SAC,19,0,473,89,209,0.426,50,118,0.424,39,91,0.429,0.545,53,59,0.898,11,44,55,87,15,9,43,31,281
308,Moses Moody,SG,21,GSW,20,4,376,63,128,0.492,24,64,0.375,39,64,0.609,0.586,23,31,0.742,24,44,68,23,16,6,11,27,173
309,Wendell Moore Jr.,SG,22,MIN,1,0,2,0,1,0,0,1,0,0,0,,0,0,0,,0,0,0,0,0,0,0,0,0
310,Marcus Morris,PF,34,PHI,12,3,145,23,51,0.451,11,23,0.478,12,28,0.429,0.559,3,3,1,5,20,25,6,4,5,5,19,60
311,Markieff Morris,PF,34,DAL,3,0,23,3,13,0.231,2,8,0.25,1,5,0.2,0.308,0,0,,2,2,4,2,0,0,0,2,8
312,Trey Murphy III,SF,23,NOP,2,0,52,13,26,0.5,7,18,0.389,6,8,0.75,0.635,1,2,0.5,1,4,5,2,1,2,0,1,34
313,Dejounte Murray,SG,27,ATL,19,19,649,146,319,0.458,44,112,0.393,102,207,0.493,0.527,51,59,0.864,13,65,78,97,34,5,45,26,387
314,Jamal Murray,PG,26,DEN,8,8,238,46,111,0.414,17,40,0.425,29,71,0.408,0.491,21,24,0.875,3,21,24,58,2,5,16,15,130
315,Keegan Murray,SF,23,SAC,15,15,485,72,185,0.389,33,107,0.308,39,78,0.5,0.478,17,20,0.85,24,65,89,28,18,8,18,36,194
316,Kris Murray,SF,23,POR,10,0,88,6,20,0.3,3,12,0.25,3,8,0.375,0.375,3,5,0.6,4,4,8,3,5,1,1,8,18
317,Mike Muscala,C,32,WAS,7,1,82,8,19,0.421,3,10,0.3,5,9,0.556,0.5,4,4,1,2,17,19,8,1,3,7,7,23
318,Svi Mykhailiuk,SF,26,BOS,8,0,59,6,17,0.353,4,14,0.286,2,3,0.667,0.471,0,0,,1,4,5,1,3,0,4,4,16
319,Larry Nance Jr.,C,31,NOP,14,0,211,21,42,0.5,3,11,0.273,18,31,0.581,0.536,4,8,0.5,18,40,58,10,9,4,13,19,49
320,Andrew Nembhard,PG,24,IND,16,2,294,48,109,0.44,9,37,0.243,39,72,0.542,0.482,6,9,0.667,9,20,29,68,14,0,22,33,111
321,Aaron Nesmith,SF,24,IND,17,1,410,70,127,0.551,30,66,0.455,40,61,0.656,0.669,20,32,0.625,15,39,54,17,17,10,10,56,190
322,Georges Niang,PF,30,CLE,20,1,447,62,150,0.413,31,89,0.348,31,61,0.508,0.517,12,13,0.923,6,73,79,24,7,2,11,46,167
323,Daishen Nix,PG,21,MIN,5,0,20,3,8,0.375,2,5,0.4,1,3,0.333,0.5,0,0,,0,1,1,0,1,0,0,0,8
324,Zeke Nnaji,PF,23,DEN,19,0,199,25,51,0.49,3,7,0.429,22,44,0.5,0.52,17,28,0.607,23,21,44,8,3,10,10,26,70
325,Jaylen Nowell,SG,24,MEM,5,1,94,13,36,0.361,2,14,0.143,11,22,0.5,0.389,3,3,1,3,9,12,7,2,0,2,8,31
326,Markquis Nowell,SG,24,TOR,1,0,4,0,1,0,0,0,,0,1,0,0,2,2,1,2,0,2,2,1,0,0,0,2
327,Jusuf Nurki?,C,29,PHO,20,20,557,89,190,0.468,13,50,0.26,76,140,0.543,0.503,51,68,0.75,58,125,183,77,21,27,44,73,242
328,Jordan Nwora,SF,25,IND,5,0,73,14,34,0.412,4,15,0.267,10,19,0.526,0.471,3,4,0.75,6,9,15,6,4,1,7,8,35
329,Royce O'Neale,SF,30,BRK,18,5,534,50,131,0.382,45,111,0.405,5,20,0.25,0.553,2,6,0.333,13,85,98,62,15,16,18,56,147
330,Chuma Okeke,SF,25,ORL,9,0,37,4,13,0.308,3,10,0.3,1,3,0.333,0.423,0,0,,3,4,7,3,0,0,2,0,11
331,Josh Okogie,SG,25,PHO,20,9,442,42,98,0.429,11,43,0.256,31,55,0.564,0.485,45,58,0.776,35,38,73,22,19,9,18,27,140
332,Onyeka Okongwu,C,23,ATL,19,0,442,61,107,0.57,5,21,0.238,56,86,0.651,0.593,41,48,0.854,48,78,126,27,10,15,15,52,168
333,Isaac Okoro,SF,23,CLE,11,5,268,32,64,0.5,8,21,0.381,24,43,0.558,0.563,10,15,0.667,14,26,40,19,12,6,9,28,82
334,Kelly Olynyk,C,32,UTA,19,1,400,50,86,0.581,16,34,0.471,34,52,0.654,0.674,29,33,0.879,36,69,105,71,16,4,37,55,145
335,Eugene Omoruyi,SF,26,WAS,11,0,75,23,36,0.639,5,11,0.455,18,25,0.72,0.708,12,16,0.75,9,12,21,8,5,1,6,10,63
336,Cedi Osman,SF,28,SAS,19,0,369,58,126,0.46,29,73,0.397,29,53,0.547,0.575,11,14,0.786,9,29,38,28,8,4,12,33,156
337,Kelly Oubre Jr.,SF,28,PHI,8,5,232,47,94,0.5,14,37,0.378,33,57,0.579,0.574,22,28,0.786,11,30,41,5,11,3,7,19,130
338,Chris Paul,PG,38,GSW,18,7,483,57,143,0.399,21,64,0.328,36,79,0.456,0.472,26,28,0.929,5,60,65,131,27,1,20,29,161
339,Cameron Payne,PG,29,MIL,20,2,344,48,99,0.485,26,58,0.448,22,41,0.537,0.616,8,8,1,1,27,28,47,8,2,16,43,130
340,Gary Payton II,SG,31,GSW,14,0,242,34,71,0.479,9,28,0.321,25,43,0.581,0.542,6,9,0.667,15,29,44,13,17,4,9,26,83
341,Filip Petrušev,C,23,TOT,3,0,10,1,2,0.5,0,0,,1,2,0.5,0.5,1,2,0.5,0,1,1,0,0,0,0,1,3
341,Filip Petrušev,C,23,PHI,1,0,3,0,0,,0,0,,0,0,,,0,0,,0,1,1,0,0,0,0,0,0
341,Filip Petrušev,C,23,SAC,2,0,7,1,2,0.5,0,0,,1,2,0.5,0.5,1,2,0.5,0,0,0,0,0,0,0,1,3
342,Julian Phillips,SF,20,CHI,10,0,48,3,13,0.231,0,6,0,3,7,0.429,0.231,1,4,0.25,1,6,7,4,1,0,1,6,7
343,Jalen Pickett,SG,24,DEN,11,0,74,9,20,0.45,5,14,0.357,4,6,0.667,0.575,2,2,1,1,9,10,7,3,0,6,7,25
344,Mason Plumlee,C,33,LAC,6,0,102,12,19,0.632,0,0,,12,19,0.632,0.632,6,14,0.429,8,25,33,6,4,1,5,6,30
345,Brandin Podziemski,SG,20,GSW,14,0,262,38,83,0.458,15,34,0.441,23,49,0.469,0.548,11,15,0.733,13,47,60,31,7,2,14,23,102
346,Jakob Poeltl,C,28,TOR,20,20,533,105,144,0.729,0,0,,105,144,0.729,0.729,17,35,0.486,56,114,170,46,17,21,34,55,227
347,Aleksej Pokusevski,PF,22,OKC,6,0,34,2,9,0.222,1,6,0.167,1,3,0.333,0.278,1,2,0.5,2,5,7,5,0,1,3,5,6
348,Jordan Poole,SG,24,WAS,18,18,529,108,276,0.391,34,119,0.286,74,157,0.471,0.453,59,69,0.855,9,41,50,63,21,7,51,58,309
349,Craig Porter Jr.,PG,23,CLE,13,1,178,37,66,0.561,3,7,0.429,34,59,0.576,0.583,16,22,0.727,3,20,23,30,7,5,14,15,93
350,Michael Porter Jr.,SF,25,DEN,21,21,661,141,296,0.476,61,160,0.381,80,136,0.588,0.579,23,31,0.742,35,134,169,37,11,17,25,48,366
351,Otto Porter Jr.,SF,30,TOR,9,1,110,10,23,0.435,7,16,0.438,3,7,0.429,0.587,1,1,1,6,16,22,1,3,3,1,10,28
352,Bobby Portis,PF,28,MIL,20,0,478,93,196,0.474,15,51,0.294,78,145,0.538,0.513,25,33,0.758,26,108,134,24,17,10,18,46,226
353,Kristaps Porzi??is,C,28,BOS,15,15,454,98,179,0.547,24,74,0.324,74,105,0.705,0.615,64,80,0.8,22,78,100,28,10,25,19,51,284
354,Dwight Powell,C,32,DAL,17,1,242,21,29,0.724,1,1,1,20,28,0.714,0.741,30,38,0.789,21,30,51,22,5,8,7,29,73
355,Norman Powell,SG,30,LAC,19,0,451,76,158,0.481,35,76,0.461,41,82,0.5,0.592,40,49,0.816,4,32,36,19,13,9,20,39,227
356,Taurean Prince,PF,29,LAL,19,19,568,62,149,0.416,29,85,0.341,33,64,0.516,0.513,12,16,0.75,6,40,46,28,12,8,13,43,165
357,Payton Pritchard,PG,26,BOS,20,0,410,45,120,0.375,24,76,0.316,21,44,0.477,0.475,10,13,0.769,19,45,64,58,7,0,11,20,124
358,Olivier-Maxence Prosper,PF,21,DAL,9,0,66,4,16,0.25,1,10,0.1,3,6,0.5,0.281,8,12,0.667,3,7,10,4,1,0,0,5,17
359,Neemias Queta,C,24,BOS,3,0,31,4,10,0.4,0,0,,4,10,0.4,0.4,4,5,0.8,8,9,17,0,1,0,2,2,12
360,Immanuel Quickley,SG,24,NYK,19,0,464,100,229,0.437,39,106,0.368,61,123,0.496,0.522,53,60,0.883,4,55,59,54,9,2,22,31,292
361,Lester Quinones,SG,23,GSW,2,0,9,2,6,0.333,1,4,0.25,1,2,0.5,0.417,0,0,,0,0,0,0,0,0,1,1,5
362,Julius Randle,PF,29,NYK,19,19,664,136,330,0.412,31,111,0.279,105,219,0.479,0.459,85,121,0.702,40,153,193,105,14,3,60,49,388
363,Duop Reath,C,27,POR,11,1,153,27,65,0.415,15,42,0.357,12,23,0.522,0.531,9,10,0.9,7,13,20,12,5,3,8,17,78
364,Austin Reaves,SG,25,LAL,21,8,620,100,215,0.465,26,83,0.313,74,132,0.561,0.526,62,73,0.849,19,79,98,99,22,2,50,31,288
365,Cam Reddish,SF,24,LAL,17,10,403,42,100,0.42,15,47,0.319,27,53,0.509,0.495,23,28,0.821,8,38,46,19,25,5,10,28,122
366,Paul Reed,C,24,PHI,19,1,280,47,79,0.595,4,9,0.444,43,70,0.614,0.62,6,8,0.75,34,49,83,20,10,12,16,40,104
367,Naz Reid,C,24,MIN,19,0,406,89,173,0.514,32,80,0.4,57,93,0.613,0.607,29,32,0.906,18,58,76,13,14,11,21,28,239
368,Jared Rhoden,SG,24,DET,5,0,30,5,9,0.556,1,4,0.25,4,5,0.8,0.611,2,2,1,1,3,4,3,0,0,2,4,13
369,Nick Richards,C,26,CHO,12,0,201,34,45,0.756,0,0,,34,45,0.756,0.756,29,36,0.806,18,50,68,5,5,14,13,33,97
370,Josh Richardson,SG,30,MIA,17,4,470,67,145,0.462,21,71,0.296,46,74,0.622,0.534,24,27,0.889,9,36,45,53,10,5,20,30,179
371,Duncan Robinson,SF,29,MIA,18,10,532,94,192,0.49,55,123,0.447,39,69,0.565,0.633,21,25,0.84,5,41,46,49,6,3,18,46,264
372,Jerome Robinson,SG,26,GSW,1,0,5,0,2,0,0,0,,0,2,0,0,0,0,,1,1,2,0,0,0,0,0,0
373,Mitchell Robinson,C,25,NYK,19,19,567,52,90,0.578,0,0,,52,90,0.578,0.578,14,36,0.389,106,98,204,10,29,26,18,36,118
374,Orlando Robinson,C,23,MIA,6,1,96,18,31,0.581,4,4,1,14,27,0.519,0.645,3,4,0.75,7,17,24,12,2,3,6,11,43
375,Jeremiah Robinson-Earl,PF,23,NOP,8,1,98,13,25,0.52,6,11,0.545,7,14,0.5,0.64,6,6,1,8,14,22,5,2,0,6,9,38
376,David Roddy,PF,22,MEM,19,4,451,64,148,0.432,19,62,0.306,45,86,0.523,0.497,12,17,0.706,20,59,79,21,12,8,17,31,159
377,Ryan Rollins,PG,21,WAS,8,0,49,9,18,0.5,1,2,0.5,8,16,0.5,0.528,13,16,0.813,2,8,10,10,8,2,7,6,32
378,Derrick Rose,PG,35,MEM,10,2,190,39,83,0.47,8,21,0.381,31,62,0.5,0.518,11,13,0.846,6,14,20,31,5,1,12,11,97
379,Terry Rozier,SG,29,CHO,9,9,324,77,166,0.464,20,54,0.37,57,112,0.509,0.524,29,36,0.806,5,28,33,59,9,3,23,13,203
380,Rayan Rupert,SG,19,POR,7,0,31,1,12,0.083,1,6,0.167,0,6,0,0.125,2,4,0.5,1,0,1,2,2,0,2,1,5
381,D'Angelo Russell,PG,27,LAL,21,21,649,135,277,0.487,47,115,0.409,88,162,0.543,0.572,43,55,0.782,8,63,71,138,17,12,38,42,360
382,Matt Ryan,SF,26,NOP,13,1,298,38,83,0.458,32,68,0.471,6,15,0.4,0.651,13,14,0.929,5,25,30,14,5,1,16,24,121
383,Domantas Sabonis,C,27,SAC,19,19,667,136,236,0.576,10,25,0.4,126,211,0.597,0.597,79,116,0.681,65,161,226,135,17,16,56,67,361
384,Luka Šamani?,PF,24,UTA,9,0,55,9,24,0.375,3,11,0.273,6,13,0.462,0.438,1,1,1,3,13,16,2,1,2,4,5,22
385,Jermaine Samuels,SF,25,HOU,5,0,29,2,4,0.5,0,2,0,2,2,1,0.5,2,2,1,1,6,7,2,0,1,0,3,6
386,Gui Santos,PF,21,GSW,2,0,12,2,4,0.5,0,1,0,2,3,0.667,0.5,0,0,,2,2,4,1,0,0,2,2,4
387,Dario Šari?,C,29,GSW,20,4,433,74,163,0.454,32,85,0.376,42,78,0.538,0.552,32,38,0.842,30,87,117,49,14,6,21,47,212
388,Olivier Sarr,C,24,OKC,5,0,54,3,6,0.5,2,3,0.667,1,3,0.333,0.667,4,6,0.667,4,16,20,1,0,5,2,10,12
389,Marcus Sasser,PG,23,DET,20,0,371,65,141,0.461,27,68,0.397,38,73,0.521,0.557,9,9,1,3,36,39,57,14,3,16,30,166
390,Admiral Schofield,PF,26,ORL,5,0,18,2,7,0.286,1,6,0.167,1,1,1,0.357,0,2,0,0,1,1,1,0,0,1,2,5
391,Dennis Schröder,PG,30,TOR,20,20,632,113,260,0.435,36,102,0.353,77,158,0.487,0.504,55,64,0.859,10,50,60,140,18,2,35,39,317
392,Dereon Seabron,SG,23,NOP,5,0,52,4,13,0.308,1,2,0.5,3,11,0.273,0.346,5,6,0.833,1,6,7,4,2,1,0,4,14
393,Alperen ?engün,C,21,HOU,17,17,556,147,272,0.54,15,47,0.319,132,225,0.587,0.568,48,71,0.676,45,111,156,94,16,13,43,53,357
394,Brice Sensabaugh,SF,20,UTA,1,0,2,0,2,0,0,0,,0,2,0,0,0,0,,1,1,2,0,0,0,0,0,0
395,Collin Sexton,SG,25,UTA,20,0,414,85,188,0.452,23,68,0.338,62,120,0.517,0.513,58,66,0.879,18,34,52,64,8,4,41,34,251
396,Landry Shamet,SG,26,WAS,15,0,253,48,101,0.475,24,60,0.4,24,41,0.585,0.594,5,11,0.455,2,19,21,22,9,2,9,31,125
397,Day'Ron Sharpe,C,22,BRK,19,0,298,49,86,0.57,0,4,0,49,82,0.598,0.57,26,41,0.634,43,79,122,15,7,13,20,41,124
398,Shaedon Sharpe,SG,20,POR,19,18,703,117,283,0.413,37,109,0.339,80,174,0.46,0.479,65,77,0.844,29,77,106,64,21,8,58,58,336
399,Ben Sheppard,SG,22,IND,9,0,58,9,22,0.409,5,15,0.333,4,7,0.571,0.523,2,2,1,1,4,5,5,1,0,1,6,25
400,Pascal Siakam,PF,29,TOR,20,20,686,154,323,0.477,16,81,0.198,138,242,0.57,0.502,76,102,0.745,33,110,143,99,15,4,53,46,400
401,Ben Simmons,PG,27,BRK,6,6,191,19,36,0.528,0,0,,19,36,0.528,0.528,1,4,0.25,16,49,65,40,3,5,15,16,39
402,Anfernee Simons,SG,24,POR,1,1,27,6,14,0.429,2,6,0.333,4,8,0.5,0.5,4,4,1,1,1,2,4,2,0,0,2,18
403,Jericho Sims,C,25,NYK,8,0,22,2,3,0.667,0,0,,2,3,0.667,0.667,1,3,0.333,1,9,10,1,0,0,0,1,5
404,Jalen Slawson,SF,24,SAC,4,0,17,2,3,0.667,0,1,0,2,2,1,0.667,0,0,,0,4,4,2,0,1,1,1,4
405,Marcus Smart,PG,29,MEM,11,11,329,51,119,0.429,18,61,0.295,33,58,0.569,0.504,17,21,0.81,3,24,27,55,22,4,37,35,137
406,Dennis Smith Jr.,PG,26,BRK,12,0,207,30,73,0.411,7,22,0.318,23,51,0.451,0.459,7,9,0.778,9,27,36,41,9,3,12,25,74
407,Dru Smith,SG,26,MIA,9,0,131,15,33,0.455,7,17,0.412,8,16,0.5,0.561,2,2,1,6,8,14,14,9,3,5,12,39
408,Ish Smith,PG,35,CHO,12,0,191,20,34,0.588,1,2,0.5,19,32,0.594,0.603,0,0,,4,19,23,28,5,1,15,14,41
409,Jabari Smith Jr.,PF,20,HOU,17,17,513,90,178,0.506,29,81,0.358,61,97,0.629,0.587,17,23,0.739,25,108,133,25,11,14,22,57,226
410,Jalen Smith,C,23,IND,14,0,216,53,75,0.707,14,21,0.667,39,54,0.722,0.8,20,27,0.741,20,57,77,12,5,4,15,29,140
411,Nick Smith Jr.,SG,19,CHO,8,0,57,12,25,0.48,8,12,0.667,4,13,0.308,0.64,0,0,,2,3,5,2,1,2,2,5,32
412,Jeremy Sochan,PG,20,SAS,19,19,551,85,190,0.447,18,42,0.429,67,148,0.453,0.495,34,43,0.791,28,74,102,84,14,4,46,56,222
413,Jaden Springer,SG,21,PHI,11,0,127,13,37,0.351,3,12,0.25,10,25,0.4,0.392,6,8,0.75,12,10,22,10,5,6,12,18,35
414,Lamar Stevens,PF,26,BOS,6,0,20,4,7,0.571,1,1,1,3,6,0.5,0.643,0,0,,4,2,6,2,1,1,3,4,9
415,Isaiah Stewart,PF,22,DET,20,20,626,83,185,0.449,30,81,0.37,53,104,0.51,0.53,27,34,0.794,39,104,143,28,7,14,35,48,223
416,Julian Strawther,SF,21,DEN,18,0,227,34,89,0.382,19,59,0.322,15,30,0.5,0.489,7,10,0.7,1,21,22,18,5,5,3,28,94
417,Max Strus,SF,27,CLE,20,20,705,105,239,0.439,58,153,0.379,47,86,0.547,0.561,19,23,0.826,14,96,110,80,20,13,32,54,287
418,Jalen Suggs,SG,22,ORL,19,19,511,84,185,0.454,31,84,0.369,53,101,0.525,0.538,44,54,0.815,13,56,69,52,36,11,40,57,243
419,Cole Swider,SF,24,MIA,3,0,29,6,14,0.429,4,11,0.364,2,3,0.667,0.571,0,0,,0,1,1,3,1,1,1,1,16
420,Jae'Sean Tate,SF,28,HOU,16,0,296,37,73,0.507,11,31,0.355,26,42,0.619,0.582,8,10,0.8,16,44,60,20,17,5,5,44,93
421,Jayson Tatum,PF,25,BOS,20,20,731,194,389,0.499,61,171,0.357,133,218,0.61,0.577,103,130,0.792,14,163,177,83,22,7,67,44,552
422,Terry Taylor,PF,24,CHI,5,0,12,1,1,1,0,0,,1,1,1,1,0,0,,0,1,1,0,1,0,0,0,2
423,Garrett Temple,SG,37,TOR,5,0,16,4,5,0.8,1,1,1,3,4,0.75,0.9,2,2,1,0,2,2,2,1,0,0,0,11
424,Dalen Terry,SG,21,CHI,6,0,23,3,9,0.333,1,4,0.25,2,5,0.4,0.389,0,2,0,2,8,10,4,0,1,1,2,7
425,Daniel Theis,C,31,TOT,10,0,163,31,66,0.47,3,9,0.333,28,57,0.491,0.492,5,10,0.5,17,21,38,12,3,8,6,26,70
425,Daniel Theis,C,31,IND,1,0,8,1,4,0.25,0,1,0,1,3,0.333,0.25,0,0,,0,0,0,0,0,0,0,1,2
425,Daniel Theis,C,31,LAC,9,0,155,30,62,0.484,3,8,0.375,27,54,0.5,0.508,5,10,0.5,17,21,38,12,3,8,6,25,68
426,Cam Thomas,SG,22,BRK,10,8,322,97,209,0.464,23,67,0.343,74,142,0.521,0.519,44,52,0.846,2,37,39,23,7,6,13,19,261
427,Amen Thompson,SF,21,HOU,4,0,67,9,22,0.409,2,11,0.182,7,11,0.636,0.455,5,8,0.625,1,10,11,6,2,1,6,9,25
428,Ausar Thompson,SF,21,DET,20,18,565,89,193,0.461,5,37,0.135,84,156,0.538,0.474,30,43,0.698,63,119,182,53,20,29,43,75,213
429,Klay Thompson,SF,33,GSW,19,19,567,103,254,0.406,53,147,0.361,50,107,0.467,0.51,40,46,0.87,12,61,73,43,8,11,38,44,299
430,Tristan Thompson,PF,32,CLE,15,0,132,15,22,0.682,0,0,,15,22,0.682,0.682,5,13,0.385,17,20,37,11,2,5,7,13,35
431,JT Thor,PF,21,CHO,17,1,280,26,62,0.419,12,33,0.364,14,29,0.483,0.516,0,4,0,14,35,49,10,4,5,4,21,64
432,Matisse Thybulle,SF,26,POR,19,9,431,42,89,0.472,27,70,0.386,15,19,0.789,0.624,6,8,0.75,6,25,31,22,27,15,14,22,117
433,Xavier Tillman Sr.,C,25,MEM,9,5,215,30,74,0.405,7,25,0.28,23,49,0.469,0.453,4,9,0.444,14,35,49,19,13,9,11,20,71
434,Obi Toppin,PF,25,IND,19,18,473,98,162,0.605,24,65,0.369,74,97,0.763,0.679,28,34,0.824,16,41,57,25,13,12,15,37,248
435,Karl-Anthony Towns,PF,28,MIN,19,19,636,154,306,0.503,41,98,0.418,113,208,0.543,0.57,72,79,0.911,21,150,171,59,18,14,56,65,421
436,Gary Trent Jr.,SG,25,TOR,17,2,438,69,173,0.399,32,88,0.364,37,85,0.435,0.491,17,30,0.567,4,30,34,22,14,2,11,18,187
437,P.J. Tucker,PF,38,TOT,15,3,239,6,19,0.316,5,16,0.313,1,3,0.333,0.447,3,3,1,16,27,43,8,9,3,4,35,20
437,P.J. Tucker,PF,38,PHI,3,3,66,2,5,0.4,2,5,0.4,0,0,,0.6,0,0,,1,13,14,0,3,2,2,9,6
437,P.J. Tucker,PF,38,LAC,12,0,173,4,14,0.286,3,11,0.273,1,3,0.333,0.393,3,3,1,15,14,29,8,6,1,2,26,14
438,Myles Turner,C,27,IND,19,19,517,116,229,0.507,27,82,0.329,89,147,0.605,0.566,57,73,0.781,34,116,150,26,12,39,27,64,316
439,Hunter Tyson,PF,23,DEN,7,0,18,1,4,0.25,0,3,0,1,1,1,0.25,0,0,,0,4,4,1,0,0,0,5,2
440,Stanley Umude,SG,24,DET,15,0,155,20,44,0.455,14,27,0.519,6,17,0.353,0.614,21,23,0.913,3,25,28,8,4,5,10,24,75
441,Jonas Valan?i?nas,C,31,NOP,22,22,590,122,215,0.567,15,40,0.375,107,175,0.611,0.602,53,65,0.815,53,147,200,50,8,27,26,71,312
442,Jarred Vanderbilt,PF,24,LAL,1,0,14,0,2,0,0,2,0,0,0,,0,0,0,,1,3,4,1,0,0,0,1,0
443,Fred VanVleet,PG,29,HOU,16,16,604,89,227,0.392,49,130,0.377,40,97,0.412,0.5,37,41,0.902,5,62,67,145,11,7,25,29,264
444,Devin Vassell,SG,23,SAS,14,8,394,92,186,0.495,38,93,0.409,54,93,0.581,0.597,34,43,0.791,6,39,45,38,14,1,21,16,256
445,Sasha Vezenkov,PF,28,SAC,16,0,225,35,83,0.422,20,54,0.37,15,29,0.517,0.542,4,6,0.667,7,30,37,4,6,5,5,20,94
446,Gabe Vincent,PG,27,LAL,4,0,113,11,28,0.393,1,14,0.071,10,14,0.714,0.411,1,2,0.5,2,2,4,12,6,0,2,10,24
447,Nikola Vu?evi?,C,33,CHI,21,21,720,140,309,0.453,18,74,0.243,122,235,0.519,0.482,30,36,0.833,52,157,209,68,19,14,38,61,328
448,Dean Wade,PF,27,CLE,13,7,264,13,40,0.325,12,38,0.316,1,2,0.5,0.475,2,4,0.5,12,41,53,11,11,3,5,29,40
449,Franz Wagner,SF,22,ORL,20,20,657,153,328,0.466,33,101,0.327,120,227,0.529,0.517,75,89,0.843,24,91,115,70,21,8,35,43,414
450,Moritz Wagner,C,26,ORL,20,0,389,100,158,0.633,13,35,0.371,87,123,0.707,0.674,47,57,0.825,31,55,86,24,9,9,28,49,260
451,Ish Wainright,SF,29,POR,2,0,5,0,1,0,0,1,0,0,0,,0,0,0,,0,0,0,0,1,0,0,1,0
452,Jabari Walker,SF,21,POR,19,0,330,51,114,0.447,10,38,0.263,41,76,0.539,0.491,21,29,0.724,28,64,92,12,15,8,18,42,133
453,Jarace Walker,PF,20,IND,5,0,41,7,18,0.389,0,5,0,7,13,0.538,0.389,3,3,1,1,7,8,6,2,2,1,4,17
454,Lonnie Walker IV,SG,25,BRK,17,0,362,88,180,0.489,44,95,0.463,44,85,0.518,0.611,29,38,0.763,3,42,45,28,10,7,25,16,249
455,Cason Wallace,SG,20,OKC,19,4,416,55,92,0.598,21,40,0.525,34,52,0.654,0.712,11,13,0.846,11,34,45,26,10,7,10,31,142
456,P.J. Washington,PF,25,CHO,17,12,537,93,214,0.435,34,104,0.327,59,110,0.536,0.514,25,35,0.714,21,71,92,40,11,16,26,46,245
457,TyTy Washington Jr.,PG,22,MIL,2,0,6,1,3,0.333,1,2,0.5,0,1,0,0.5,0,0,,0,1,1,0,1,0,2,0,3
458,Yuta Watanabe,SF,29,PHO,15,0,269,24,66,0.364,19,52,0.365,5,14,0.357,0.508,9,13,0.692,9,26,35,8,6,6,13,25,76
459,Lindy Waters III,SG,26,OKC,8,0,62,8,18,0.444,7,17,0.412,1,1,1,0.639,0,0,,1,5,6,5,0,1,0,4,23
460,Trendon Watford,PF,23,BRK,13,0,184,37,70,0.529,5,13,0.385,32,57,0.561,0.564,9,10,0.9,16,33,49,23,7,3,16,28,88
461,Peyton Watson,SF,21,DEN,19,0,285,37,73,0.507,4,19,0.211,33,54,0.611,0.534,8,16,0.5,8,28,36,14,10,19,11,27,86
462,Victor Wembanyama,PF,20,SAS,18,18,540,129,295,0.437,26,96,0.271,103,199,0.518,0.481,63,76,0.829,38,136,174,46,24,49,63,46,347
463,Blake Wesley,SG,20,SAS,5,0,24,3,8,0.375,0,1,0,3,7,0.429,0.375,1,2,0.5,1,1,2,5,0,1,1,3,7
464,Russell Westbrook,PG,35,LAC,19,10,507,90,207,0.435,14,51,0.275,76,156,0.487,0.469,34,54,0.63,29,97,126,100,25,6,44,46,228
465,Coby White,PG,23,CHI,21,21,697,111,260,0.427,60,149,0.403,51,111,0.459,0.542,33,39,0.846,8,58,66,89,19,6,40,60,315
466,Derrick White,SG,29,BOS,17,17,551,79,170,0.465,37,95,0.389,42,75,0.56,0.574,52,60,0.867,11,55,66,90,18,14,33,40,247
467,Cam Whitmore,SF,19,HOU,5,0,32,7,15,0.467,1,5,0.2,6,10,0.6,0.5,5,10,0.5,1,7,8,2,1,0,2,2,20
468,Aaron Wiggins,SG,25,OKC,17,0,200,29,50,0.58,9,20,0.45,20,30,0.667,0.67,12,17,0.706,9,27,36,13,6,1,9,16,79
469,Andrew Wiggins,SF,28,GSW,18,18,490,91,210,0.433,16,60,0.267,75,150,0.5,0.471,32,54,0.593,35,44,79,21,6,7,32,46,230
470,Lindell Wigginton,PG,25,MIL,1,0,2,0,1,0,0,1,0,0,0,,0,0,0,,0,0,0,0,0,0,1,1,0
471,Grant Williams,PF,25,DAL,19,19,547,62,147,0.422,43,106,0.406,19,41,0.463,0.568,20,31,0.645,22,49,71,32,5,11,17,50,187
472,Jalen Williams,PF,22,OKC,16,16,524,104,206,0.505,18,50,0.36,86,156,0.551,0.549,56,64,0.875,5,61,66,62,12,5,30,49,282
473,Jaylin Williams,C,21,OKC,14,0,188,22,56,0.393,12,33,0.364,10,23,0.435,0.5,7,8,0.875,9,45,54,22,5,2,6,25,63
474,Jeenathan Williams,SG,24,HOU,4,0,22,6,11,0.545,0,2,0,6,9,0.667,0.545,1,2,0.5,0,0,0,2,1,0,0,2,13
475,Kenrich Williams,PF,29,OKC,9,0,150,20,37,0.541,8,15,0.533,12,22,0.545,0.649,3,8,0.375,8,19,27,16,4,0,3,20,51
476,Mark Williams,C,22,CHO,18,18,488,96,147,0.653,0,0,,96,147,0.653,0.653,46,64,0.719,74,107,181,21,15,18,16,48,238
477,Patrick Williams,PF,22,CHI,21,11,518,62,152,0.408,21,66,0.318,41,86,0.477,0.477,24,32,0.75,22,59,81,26,21,19,24,32,169
478,Robert Williams,C,26,POR,6,0,119,17,26,0.654,0,0,,17,26,0.654,0.654,7,9,0.778,11,27,38,5,7,7,7,17,41
479,Vince Williams Jr.,SG,23,MEM,11,0,151,15,34,0.441,9,27,0.333,6,7,0.857,0.574,12,13,0.923,5,31,36,13,3,7,6,24,51
480,Ziaire Williams,SF,22,MEM,17,8,380,52,133,0.391,23,65,0.354,29,68,0.426,0.477,21,24,0.875,12,65,77,23,9,5,23,34,148
481,Zion Williamson,PF,23,NOP,18,18,562,161,283,0.569,2,6,0.333,159,277,0.574,0.572,85,128,0.664,35,69,104,89,21,5,49,46,409
482,Jalen Wilson,PF,23,BRK,2,0,7,0,1,0,0,0,,0,1,0,0,0,0,,0,1,1,0,0,1,0,0,0
483,Dylan Windler,SF,27,NYK,3,0,7,1,2,0.5,1,2,0.5,0,0,,0.75,0,0,,0,1,1,1,0,0,0,1,3
484,James Wiseman,C,22,DET,10,0,111,24,37,0.649,0,1,0,24,36,0.667,0.649,6,11,0.545,10,22,32,3,1,3,8,18,54
485,Christian Wood,PF,28,LAL,21,1,425,51,115,0.443,14,52,0.269,37,63,0.587,0.504,31,45,0.689,18,105,123,17,4,12,27,37,147
486,Delon Wright,PG,31,WAS,8,0,141,11,30,0.367,4,11,0.364,7,19,0.368,0.433,14,16,0.875,3,17,20,35,13,1,4,6,40
487,Thaddeus Young,PF,35,TOR,3,0,10,2,4,0.5,0,0,,2,4,0.5,0.5,0,2,0,1,2,3,3,0,0,1,0,4
488,Trae Young,PG,25,ATL,18,18,648,146,357,0.409,55,156,0.353,91,201,0.453,0.486,140,162,0.864,12,40,52,192,29,0,68,27,487
489,Omer Yurtseven,C,25,UTA,14,5,170,28,51,0.549,3,13,0.231,25,38,0.658,0.578,6,8,0.75,21,45,66,12,3,7,10,20,65
490,Cody Zeller,C,31,NOP,18,0,172,10,32,0.313,0,1,0,10,31,0.323,0.313,11,22,0.5,21,34,55,18,4,2,6,21,31
491,Ivica Zubac,C,26,LAC,19,19,490,94,150,0.627,0,0,,94,150,0.627,0.627,36,58,0.621,60,111,171,16,2,28,25,50,224
