season,lg,type,number_tm,player,position,seas_id,player_id,birth_year,tm,age
2022,NBA,All-Defense,1st,Giannis Antetokounmpo,,13.0,11.0,,MIL,27
2022,NBA,All-Defense,1st,Jaren Jackson Jr.,,301.0,235.0,,MEM,22
2022,NBA,All-Defense,1st,Marcus Smart,,573.0,449.0,,BOS,27
2022,NBA,All-Defense,1st,Mikal Bridges,,78.0,58.0,,PHO,25
2022,NBA,All-Defense,1st,Mikal Bridges,,79.0,58.0,,PHO,25
2022,NBA,All-Defense,1st,Mikal Bridges,,80.0,58.0,,PHO,25
2022,NBA,All-Defense,1st,Rudy Gobert,,213.0,167.0,,UTA,29
2022,NBA,All-Defense,2nd,Bam Adebayo,,3.0,3.0,,MIA,24
2022,NBA,All-Defense,2nd,Draymond Green,,228.0,176.0,,GSW,31
2022,NBA,All-Defense,2nd,Jrue Holiday,,274.0,214.0,,MIL,31
2022,NBA,All-Defense,2nd,Matisse Thybulle,,601.0,473.0,,PHI,24
2022,NBA,All-Defense,2nd,Matisse Thybulle,,602.0,473.0,,PHI,24
2022,NBA,All-Defense,2nd,Matisse Thybulle,,603.0,473.0,,PHI,24
2022,NBA,All-Defense,2nd,Robert Williams,,662.0,524.0,,BOS,24
2022,NBA,All-NBA,1st,Devin Booker,G,67.0,49.0,,PHO,25
2022,NBA,All-NBA,1st,Giannis Antetokounmpo,F,13.0,11.0,,MIL,27
2022,NBA,All-NBA,1st,Jayson Tatum,F,591.0,465.0,,BOS,23
2022,NBA,All-NBA,1st,Luka Dončić,G,30158.0,,,DAL,22
2022,NBA,All-NBA,1st,Nikola Jokić,C,30247.0,,,DEN,26
2022,NBA,All-NBA,2nd,DeMar DeRozan,F,151.0,117.0,,CHI,32
2022,NBA,All-NBA,2nd,Ja Morant,G,436.0,346.0,,MEM,22
2022,NBA,All-NBA,2nd,Joel Embiid,C,185.0,143.0,,PHI,27
2022,NBA,All-NBA,2nd,Kevin Durant,F,175.0,137.0,,BRK,33
2022,NBA,All-NBA,2nd,Kevin Durant,F,176.0,137.0,,BRK,33
2022,NBA,All-NBA,2nd,Kevin Durant,F,177.0,137.0,,BRK,33
2022,NBA,All-NBA,2nd,Stephen Curry,G,140.0,108.0,,GSW,33
2022,NBA,All-NBA,3rd,Chris Paul,G,484.0,380.0,,PHO,36
2022,NBA,All-NBA,3rd,Karl-Anthony Towns,C,610.0,478.0,,MIN,26
2022,NBA,All-NBA,3rd,LeBron James,F,307.0,239.0,,LAL,37
2022,NBA,All-NBA,3rd,Pascal Siakam,F,566.0,442.0,,TOR,27
2022,NBA,All-NBA,3rd,Trae Young,G,676.0,536.0,,ATL,23
2022,NBA,All-Rookie,1st,Cade Cunningham,,138.0,106.0,,DET,20
2022,NBA,All-Rookie,1st,Evan Mobley,,429.0,339.0,,CLE,20
2022,NBA,All-Rookie,1st,Franz Wagner,,625.0,491.0,,ORL,20
2022,NBA,All-Rookie,1st,Jalen Green,,229.0,177.0,,HOU,19
2022,NBA,All-Rookie,1st,Scottie Barnes,,34.0,28.0,,TOR,20
2022,NBA,All-Rookie,2nd,Ayo Dosunmu,,164.0,128.0,,CHI,22
2022,NBA,All-Rookie,2nd,Bones Hyland,,287.0,225.0,,DEN,21
2022,NBA,All-Rookie,2nd,Bones Hyland,,288.0,225.0,,DEN,21
2022,NBA,All-Rookie,2nd,Bones Hyland,,289.0,225.0,,DEN,21
2022,NBA,All-Rookie,2nd,Chris Duarte,,172.0,134.0,,IND,24
2022,NBA,All-Rookie,2nd,Herbert Jones,,325.0,253.0,,NOP,23
2022,NBA,All-Rookie,2nd,Josh Giddey,,209.0,163.0,,OKC,19
2021,NBA,All-Defense,1st,Ben Simmons,,28991.0,444.0,,PHI,24
2021,NBA,All-Defense,1st,Draymond Green,,29139.0,176.0,,GSW,30
2021,NBA,All-Defense,1st,Giannis Antetokounmpo,,29187.0,11.0,,MIL,26
2021,NBA,All-Defense,1st,Jrue Holiday,,29308.0,214.0,,MIL,30
2021,NBA,All-Defense,1st,Rudy Gobert,,29529.0,167.0,,UTA,28
2021,NBA,All-Defense,2nd,Bam Adebayo,,28987.0,3.0,,MIA,23
2021,NBA,All-Defense,2nd,Jimmy Butler,,29285.0,75.0,,MIA,31
2021,NBA,All-Defense,2nd,Joel Embiid,,29288.0,143.0,,PHI,26
2021,NBA,All-Defense,2nd,Kawhi Leonard,,29324.0,288.0,,LAC,29
2021,NBA,All-Defense,2nd,Matisse Thybulle,,29404.0,473.0,,PHI,23
2021,NBA,All-NBA,1st,Giannis Antetokounmpo,F,29187.0,11.0,,MIL,26
2021,NBA,All-NBA,1st,Kawhi Leonard,F,29324.0,288.0,,LAC,29
2021,NBA,All-NBA,1st,Luka Dončić,G,29379.0,,,DAL,21
2021,NBA,All-NBA,1st,Nikola Jokić,C,29456.0,,,DEN,25
2021,NBA,All-NBA,1st,Stephen Curry,G,29553.0,108.0,,GSW,32
2021,NBA,All-NBA,2nd,Chris Paul,G,29042.0,380.0,,PHO,35
2021,NBA,All-NBA,2nd,Damian Lillard,G,29072.0,292.0,,POR,30
2021,NBA,All-NBA,2nd,Joel Embiid,C,29288.0,143.0,,PHI,26
2021,NBA,All-NBA,2nd,Julius Randle,F,29311.0,405.0,,NYK,26
2021,NBA,All-NBA,2nd,LeBron James,F,29371.0,239.0,,LAL,36
2021,NBA,All-NBA,3rd,Bradley Beal,G,29004.0,35.0,,WAS,27
2021,NBA,All-NBA,3rd,Jimmy Butler,F,29285.0,75.0,,MIA,31
2021,NBA,All-NBA,3rd,Kyrie Irving,G,29360.0,230.0,,BRK,28
2021,NBA,All-NBA,3rd,Paul George,F,29486.0,161.0,,LAC,30
2021,NBA,All-NBA,3rd,Rudy Gobert,C,29529.0,167.0,,UTA,28
2021,NBA,All-Rookie,1st,Anthony Edwards,,28972.0,140.0,,MIN,19
2021,NBA,All-Rookie,1st,Jae'Sean Tate,,29232.0,464.0,,HOU,25
2021,NBA,All-Rookie,1st,LaMelo Ball,,29366.0,21.0,,CHO,19
2021,NBA,All-Rookie,1st,Saddiq Bey,,29534.0,40.0,,DET,21
2021,NBA,All-Rookie,1st,Tyrese Haliburton,,29613.0,186.0,,SAC,20
2021,NBA,All-Rookie,2nd,Desmond Bane,,29123.0,24.0,,MEM,22
2021,NBA,All-Rookie,2nd,Immanuel Quickley,,29211.0,403.0,,NYK,21
2021,NBA,All-Rookie,2nd,Isaac Okoro,,29213.0,373.0,,CLE,20
2021,NBA,All-Rookie,2nd,Isaiah Stewart,,29219.0,459.0,,DET,19
2021,NBA,All-Rookie,2nd,Patrick Williams,,29484.0,523.0,,CHI,19
2020,NBA,All-Defense,1st,Anthony Davis,,28323.0,110.0,,LAL,26
2020,NBA,All-Defense,1st,Ben Simmons,,28336.0,444.0,,PHI,23
2020,NBA,All-Defense,1st,Giannis Antetokounmpo,,28507.0,11.0,,MIL,25
2020,NBA,All-Defense,1st,Marcus Smart,,28720.0,449.0,,BOS,25
2020,NBA,All-Defense,1st,Rudy Gobert,,28826.0,167.0,,UTA,27
2020,NBA,All-Defense,2nd,Bam Adebayo,,28334.0,3.0,,MIA,22
2020,NBA,All-Defense,2nd,Brook Lopez,,28353.0,297.0,,MIL,31
2020,NBA,All-Defense,2nd,Eric Bledsoe,,28483.0,,,MIL,30
2020,NBA,All-Defense,2nd,Kawhi Leonard,,28654.0,288.0,,LAC,28
2020,NBA,All-Defense,2nd,Patrick Beverley,,28792.0,39.0,,LAC,31
2020,NBA,All-NBA,1st,Anthony Davis,C,28323.0,110.0,,LAL,26
2020,NBA,All-NBA,1st,Giannis Antetokounmpo,F,28507.0,11.0,,MIL,25
2020,NBA,All-NBA,1st,James Harden,G,28559.0,190.0,,HOU,30
2020,NBA,All-NBA,1st,LeBron James,F,28697.0,239.0,,LAL,35
2020,NBA,All-NBA,1st,Luka Dončić,G,28704.0,,,DAL,20
2020,NBA,All-NBA,2nd,Chris Paul,G,28384.0,380.0,,OKC,34
2020,NBA,All-NBA,2nd,Damian Lillard,G,28403.0,292.0,,POR,29
2020,NBA,All-NBA,2nd,Kawhi Leonard,F,28654.0,288.0,,LAC,28
2020,NBA,All-NBA,2nd,Nikola Jokić,C,28777.0,,,DEN,24
2020,NBA,All-NBA,2nd,Pascal Siakam,F,28790.0,442.0,,TOR,25
2020,NBA,All-NBA,3rd,Ben Simmons,G,28336.0,444.0,,PHI,23
2020,NBA,All-NBA,3rd,Jayson Tatum,F,28582.0,465.0,,BOS,21
2020,NBA,All-NBA,3rd,Jimmy Butler,F,28598.0,75.0,,MIA,30
2020,NBA,All-NBA,3rd,Rudy Gobert,C,28826.0,167.0,,UTA,27
2020,NBA,All-NBA,3rd,Russell Westbrook,G,28828.0,507.0,,HOU,31
2020,NBA,All-Rookie,1st,Brandon Clarke,,28346.0,92.0,,MEM,23
2020,NBA,All-Rookie,1st,Eric Paschall,,28486.0,,,GSW,23
2020,NBA,All-Rookie,1st,Ja Morant,,28537.0,346.0,,MEM,20
2020,NBA,All-Rookie,1st,Kendrick Nunn,,28663.0,366.0,,MIA,24
2020,NBA,All-Rookie,1st,Zion Williamson,,28939.0,527.0,,NOP,19
2020,NBA,All-Rookie,2nd,Coby White,,28389.0,508.0,,CHI,19
2020,NBA,All-Rookie,2nd,P.J. Washington,,28789.0,500.0,,CHO,21
2020,NBA,All-Rookie,2nd,Rui Hachimura,,28827.0,185.0,,WAS,21
2020,NBA,All-Rookie,2nd,Terence Davis,,28864.0,112.0,,TOR,22
2020,NBA,All-Rookie,2nd,Tyler Herro,,28903.0,208.0,,MIA,20
2019,NBA,All-Defense,1st,Eric Bledsoe,,27782.0,,,MIL,29
2019,NBA,All-Defense,1st,Giannis Antetokounmpo,,27809.0,11.0,,MIL,24
2019,NBA,All-Defense,1st,Marcus Smart,,28031.0,449.0,,BOS,24
2019,NBA,All-Defense,1st,Paul George,,28111.0,161.0,,OKC,28
2019,NBA,All-Defense,1st,Rudy Gobert,,28147.0,167.0,,UTA,26
2019,NBA,All-Defense,2nd,Draymond Green,,27760.0,176.0,,GSW,28
2019,NBA,All-Defense,2nd,Joel Embiid,,27919.0,143.0,,PHI,24
2019,NBA,All-Defense,2nd,Jrue Holiday,,27949.0,214.0,,NOP,28
2019,NBA,All-Defense,2nd,Kawhi Leonard,,27966.0,288.0,,TOR,27
2019,NBA,All-Defense,2nd,Klay Thompson,,27987.0,471.0,,GSW,28
2019,NBA,All-NBA,1st,Giannis Antetokounmpo,F,27809.0,11.0,,MIL,24
2019,NBA,All-NBA,1st,James Harden,G,27871.0,190.0,,HOU,29
2019,NBA,All-NBA,1st,Nikola Jokić,C,28085.0,,,DEN,23
2019,NBA,All-NBA,1st,Paul George,F,28111.0,161.0,,OKC,28
2019,NBA,All-NBA,1st,Stephen Curry,G,28179.0,108.0,,GSW,30
2019,NBA,All-NBA,2nd,Damian Lillard,G,27699.0,292.0,,POR,28
2019,NBA,All-NBA,2nd,Joel Embiid,C,27919.0,143.0,,PHI,24
2019,NBA,All-NBA,2nd,Kawhi Leonard,F,27966.0,288.0,,TOR,27
2019,NBA,All-NBA,2nd,Kevin Durant,F,27979.0,137.0,,GSW,30
2019,NBA,All-NBA,2nd,Kyrie Irving,G,27999.0,230.0,,BOS,26
2019,NBA,All-NBA,3rd,Blake Griffin,F,27632.0,183.0,,DET,29
2019,NBA,All-NBA,3rd,Kemba Walker,G,27972.0,495.0,,CHO,28
2019,NBA,All-NBA,3rd,LeBron James,F,28009.0,239.0,,LAL,34
2019,NBA,All-NBA,3rd,Rudy Gobert,C,28147.0,167.0,,UTA,26
2019,NBA,All-NBA,3rd,Russell Westbrook,G,28148.0,507.0,,OKC,30
2019,NBA,All-Rookie,1st,Deandre Ayton,,27720.0,17.0,,PHO,20
2019,NBA,All-Rookie,1st,Jaren Jackson Jr.,,27882.0,235.0,,MEM,19
2019,NBA,All-Rookie,1st,Luka Dončić,,28015.0,,,DAL,19
2019,NBA,All-Rookie,1st,Marvin Bagley III,,28041.0,19.0,,SAC,19
2019,NBA,All-Rookie,1st,Trae Young,,28220.0,536.0,,ATL,20
2019,NBA,All-Rookie,2nd,Collin Sexton,,27684.0,438.0,,CLE,20
2019,NBA,All-Rookie,2nd,Kevin Huerter,,27980.0,222.0,,ATL,20
2019,NBA,All-Rookie,2nd,Landry Shamet,,28003.0,439.0,,TOT,21
2019,NBA,All-Rookie,2nd,Mitchell Robinson,,28070.0,416.0,,NYK,20
2019,NBA,All-Rookie,2nd,Shai Gilgeous-Alexander,,28163.0,164.0,,LAC,20
2018,NBA,All-Defense,1st,Anthony Davis,,26947.0,110.0,,NOP,24
2018,NBA,All-Defense,1st,Jrue Holiday,,27270.0,214.0,,NOP,27
2018,NBA,All-Defense,1st,Robert Covington,,27456.0,102.0,,PHI,27
2018,NBA,All-Defense,1st,Rudy Gobert,,27467.0,167.0,,UTA,25
2018,NBA,All-Defense,1st,Victor Oladipo,,27554.0,375.0,,IND,25
2018,NBA,All-Defense,2nd,Al Horford,,26924.0,217.0,,BOS,31
2018,NBA,All-Defense,2nd,Dejounte Murray,,27054.0,351.0,,SAS,21
2018,NBA,All-Defense,2nd,Draymond Green,,27092.0,176.0,,GSW,27
2018,NBA,All-Defense,2nd,Jimmy Butler,,27231.0,75.0,,MIN,28
2018,NBA,All-Defense,2nd,Joel Embiid,,27241.0,143.0,,PHI,23
2018,NBA,All-NBA,1st,Anthony Davis,C,26947.0,110.0,,NOP,24
2018,NBA,All-NBA,1st,Damian Lillard,G,27025.0,292.0,,POR,27
2018,NBA,All-NBA,1st,James Harden,G,27201.0,190.0,,HOU,28
2018,NBA,All-NBA,1st,Kevin Durant,F,27293.0,137.0,,GSW,29
2018,NBA,All-NBA,1st,LeBron James,F,27322.0,239.0,,CLE,33
2018,NBA,All-NBA,2nd,DeMar DeRozan,G,27056.0,117.0,,TOR,28
2018,NBA,All-NBA,2nd,Giannis Antetokounmpo,F,27142.0,11.0,,MIL,23
2018,NBA,All-NBA,2nd,Joel Embiid,C,27241.0,143.0,,PHI,23
2018,NBA,All-NBA,2nd,LaMarcus Aldridge,F,27311.0,,,SAS,32
2018,NBA,All-NBA,2nd,Russell Westbrook,G,27468.0,507.0,,OKC,29
2018,NBA,All-NBA,3rd,Jimmy Butler,F,27231.0,75.0,,MIN,28
2018,NBA,All-NBA,3rd,Karl-Anthony Towns,C,27281.0,478.0,,MIN,22
2018,NBA,All-NBA,3rd,Paul George,F,27432.0,161.0,,OKC,27
2018,NBA,All-NBA,3rd,Stephen Curry,G,27494.0,108.0,,GSW,29
2018,NBA,All-NBA,3rd,Victor Oladipo,G,27554.0,375.0,,IND,25
2018,NBA,All-Rookie,1st,Ben Simmons,,26962.0,444.0,,PHI,21
2018,NBA,All-Rookie,1st,Donovan Mitchell,,27086.0,338.0,,UTA,21
2018,NBA,All-Rookie,1st,Jayson Tatum,,27221.0,465.0,,BOS,19
2018,NBA,All-Rookie,1st,Kyle Kuzma,,27306.0,278.0,,LAL,22
2018,NBA,All-Rookie,1st,Lauri Markkanen,,27321.0,307.0,,CHI,20
2018,NBA,All-Rookie,2nd,Bogdan Bogdanović,,26972.0,,,SAC,25
2018,NBA,All-Rookie,2nd,Dennis Smith Jr.,,27063.0,450.0,,DAL,20
2018,NBA,All-Rookie,2nd,John Collins,,27243.0,96.0,,ATL,20
2018,NBA,All-Rookie,2nd,Josh Jackson,,27265.0,,,PHO,20
2018,NBA,All-Rookie,2nd,Lonzo Ball,,27324.0,,,LAL,20
2017,NBA,All-Defense,1st,Chris Paul,,26424.0,380.0,,LAC,31
2017,NBA,All-Defense,1st,Draymond Green,,26494.0,176.0,,GSW,26
2017,NBA,All-Defense,1st,Kawhi Leonard,,26641.0,288.0,,SAS,25
2017,NBA,All-Defense,1st,Patrick Beverley,,26772.0,39.0,,HOU,28
2017,NBA,All-Defense,1st,Rudy Gobert,,26814.0,167.0,,UTA,24
2017,NBA,All-Defense,2nd,Andre Roberson,,26344.0,,,OKC,25
2017,NBA,All-Defense,2nd,Anthony Davis,,26357.0,110.0,,NOP,23
2017,NBA,All-Defense,2nd,Danny Green,,26444.0,175.0,,SAS,29
2017,NBA,All-Defense,2nd,Giannis Antetokounmpo,,26526.0,11.0,,MIL,22
2017,NBA,All-Defense,2nd,Tony Allen,,26872.0,,,MEM,35
2017,NBA,All-NBA,1st,Anthony Davis,C,26357.0,110.0,,NOP,23
2017,NBA,All-NBA,1st,James Harden,G,26560.0,190.0,,HOU,27
2017,NBA,All-NBA,1st,Kawhi Leonard,F,26641.0,288.0,,SAS,25
2017,NBA,All-NBA,1st,LeBron James,F,26682.0,239.0,,CLE,32
2017,NBA,All-NBA,1st,Russell Westbrook,G,26815.0,507.0,,OKC,28
2017,NBA,All-NBA,2nd,Giannis Antetokounmpo,F,26526.0,11.0,,MIL,22
2017,NBA,All-NBA,2nd,Isaiah Thomas,G,26544.0,,,BOS,27
2017,NBA,All-NBA,2nd,Kevin Durant,F,26649.0,137.0,,GSW,28
2017,NBA,All-NBA,2nd,Rudy Gobert,C,26814.0,167.0,,UTA,24
2017,NBA,All-NBA,2nd,Stephen Curry,G,26841.0,108.0,,GSW,28
2017,NBA,All-NBA,3rd,DeAndre Jordan,C,26456.0,257.0,,LAC,28
2017,NBA,All-NBA,3rd,DeMar DeRozan,G,26463.0,117.0,,TOR,27
2017,NBA,All-NBA,3rd,Draymond Green,F,26494.0,176.0,,GSW,26
2017,NBA,All-NBA,3rd,Jimmy Butler,F,26587.0,75.0,,CHI,27
2017,NBA,All-NBA,3rd,John Wall,G,26603.0,497.0,,WAS,26
2017,NBA,All-Rookie,1st,Buddy Hield,,26402.0,209.0,,TOT,24
2017,NBA,All-Rookie,1st,Dario Šarić,,26448.0,,,PHI,22
2017,NBA,All-Rookie,1st,Joel Embiid,,26596.0,143.0,,PHI,22
2017,NBA,All-Rookie,1st,Malcolm Brogdon,,26692.0,60.0,,MIL,24
2017,NBA,All-Rookie,1st,Willy Hernangómez,,26910.0,207.0,,NYK,22
2017,NBA,All-Rookie,2nd,Brandon Ingram,,26388.0,229.0,,LAL,19
2017,NBA,All-Rookie,2nd,Jamal Murray,,26557.0,352.0,,DEN,19
2017,NBA,All-Rookie,2nd,Jaylen Brown,,26576.0,64.0,,BOS,20
2017,NBA,All-Rookie,2nd,Marquese Chriss,,26707.0,,,PHO,19
2017,NBA,All-Rookie,2nd,Yogi Ferrell,,26912.0,,,TOT,23
2016,NBA,All-Defense,1st,Avery Bradley,,25787.0,,,BOS,25
2016,NBA,All-Defense,1st,Chris Paul,,25844.0,380.0,,LAC,30
2016,NBA,All-Defense,1st,DeAndre Jordan,,25879.0,257.0,,LAC,27
2016,NBA,All-Defense,1st,Draymond Green,,25899.0,176.0,,GSW,25
2016,NBA,All-Defense,1st,Kawhi Leonard,,26060.0,288.0,,SAS,24
2016,NBA,All-Defense,2nd,Hassan Whiteside,,25942.0,,,MIA,26
2016,NBA,All-Defense,2nd,Jimmy Butler,,26011.0,75.0,,CHI,26
2016,NBA,All-Defense,2nd,Paul George,,26192.0,161.0,,IND,25
2016,NBA,All-Defense,2nd,Paul Millsap,,26193.0,,,ATL,30
2016,NBA,All-Defense,2nd,Tony Allen,,26290.0,,,MEM,34
2016,NBA,All-NBA,1st,DeAndre Jordan,C,25879.0,257.0,,LAC,27
2016,NBA,All-NBA,1st,Kawhi Leonard,F,26060.0,288.0,,SAS,24
2016,NBA,All-NBA,1st,LeBron James,F,26107.0,239.0,,CLE,31
2016,NBA,All-NBA,1st,Russell Westbrook,G,26229.0,507.0,,OKC,27
2016,NBA,All-NBA,1st,Stephen Curry,G,26260.0,108.0,,GSW,27
2016,NBA,All-NBA,2nd,Chris Paul,G,25844.0,380.0,,LAC,30
2016,NBA,All-NBA,2nd,Damian Lillard,G,25866.0,292.0,,POR,25
2016,NBA,All-NBA,2nd,DeMarcus Cousins,C,25883.0,,,SAC,25
2016,NBA,All-NBA,2nd,Draymond Green,F,25899.0,176.0,,GSW,25
2016,NBA,All-NBA,2nd,Kevin Durant,F,26070.0,137.0,,OKC,27
2016,NBA,All-NBA,3rd,Andre Drummond,C,25767.0,133.0,,DET,22
2016,NBA,All-NBA,3rd,Klay Thompson,G,26082.0,471.0,,GSW,25
2016,NBA,All-NBA,3rd,Kyle Lowry,G,26093.0,300.0,,TOR,29
2016,NBA,All-NBA,3rd,LaMarcus Aldridge,F,26098.0,,,SAS,30
2016,NBA,All-NBA,3rd,Paul George,F,26192.0,161.0,,IND,25
2016,NBA,All-Rookie,1st,Devin Booker,,25890.0,49.0,,PHO,19
2016,NBA,All-Rookie,1st,Jahlil Okafor,,25962.0,,,PHI,20
2016,NBA,All-Rookie,1st,Karl-Anthony Towns,,26059.0,478.0,,MIN,20
2016,NBA,All-Rookie,1st,Kristaps Porziņģis,,26090.0,,,NYK,20
2016,NBA,All-Rookie,1st,Nikola Jokić,,26168.0,,,DEN,20
2016,NBA,All-Rookie,2nd,D'Angelo Russell,,25864.0,426.0,,LAL,19
2016,NBA,All-Rookie,2nd,Emmanuel Mudiay,,25912.0,,,DEN,19
2016,NBA,All-Rookie,2nd,Justise Winslow,,26056.0,529.0,,MIA,19
2016,NBA,All-Rookie,2nd,Myles Turner,,26158.0,481.0,,IND,19
2016,NBA,All-Rookie,2nd,Willie Cauley-Stein,,26317.0,,,SAC,22
2015,NBA,All-Defense,1st,Chris Paul,,25204.0,380.0,,LAC,29
2015,NBA,All-Defense,1st,DeAndre Jordan,,25236.0,257.0,,LAC,26
2015,NBA,All-Defense,1st,Draymond Green,,25257.0,176.0,,GSW,24
2015,NBA,All-Defense,1st,Kawhi Leonard,,25447.0,288.0,,SAS,23
2015,NBA,All-Defense,1st,Tony Allen,,25697.0,,,MEM,33
2015,NBA,All-Defense,2nd,Andrew Bogut,,25133.0,,,GSW,30
2015,NBA,All-Defense,2nd,Anthony Davis,,25137.0,110.0,,NOP,21
2015,NBA,All-Defense,2nd,Jimmy Butler,,25402.0,75.0,,CHI,25
2015,NBA,All-Defense,2nd,John Wall,,25416.0,497.0,,WAS,24
2015,NBA,All-Defense,2nd,Tim Duncan,,25687.0,,,SAS,38
2015,NBA,All-NBA,1st,Anthony Davis,F,25137.0,110.0,,NOP,21
2015,NBA,All-NBA,1st,James Harden,G,25363.0,190.0,,HOU,25
2015,NBA,All-NBA,1st,LeBron James,F,25491.0,239.0,,CLE,30
2015,NBA,All-NBA,1st,Marc Gasol,C,25507.0,,,MEM,30
2015,NBA,All-NBA,1st,Stephen Curry,G,25662.0,108.0,,GSW,26
2015,NBA,All-NBA,2nd,Chris Paul,G,25204.0,380.0,,LAC,29
2015,NBA,All-NBA,2nd,DeMarcus Cousins,C,25239.0,,,SAC,24
2015,NBA,All-NBA,2nd,LaMarcus Aldridge,F,25480.0,,,POR,29
2015,NBA,All-NBA,2nd,Pau Gasol,C,25583.0,,,CHI,34
2015,NBA,All-NBA,2nd,Russell Westbrook,G,25634.0,507.0,,OKC,26
2015,NBA,All-NBA,3rd,Blake Griffin,F,25160.0,183.0,,LAC,25
2015,NBA,All-NBA,3rd,DeAndre Jordan,C,25236.0,257.0,,LAC,26
2015,NBA,All-NBA,3rd,Klay Thompson,G,25467.0,471.0,,GSW,24
2015,NBA,All-NBA,3rd,Kyrie Irving,G,25479.0,230.0,,CLE,22
2015,NBA,All-NBA,3rd,Tim Duncan,F,25687.0,,,SAS,38
2015,NBA,All-Rookie,1st,Andrew Wiggins,,25135.0,513.0,,MIN,19
2015,NBA,All-Rookie,1st,Elfrid Payton,,25271.0,,,ORL,20
2015,NBA,All-Rookie,1st,Jordan Clarkson,,25424.0,93.0,,LAL,22
2015,NBA,All-Rookie,1st,Nerlens Noel,,25555.0,363.0,,PHI,20
2015,NBA,All-Rookie,1st,Nikola Mirotić,,25562.0,,,CHI,23
2015,NBA,All-Rookie,2nd,Bojan Bogdanović,,25161.0,,,BRK,25
2015,NBA,All-Rookie,2nd,Jusuf Nurkić,,25442.0,,,DEN,20
2015,NBA,All-Rookie,2nd,Langston Galloway,,25486.0,,,NYK,23
2015,NBA,All-Rookie,2nd,Marcus Smart,,25511.0,449.0,,BOS,20
2015,NBA,All-Rookie,2nd,Zach LaVine,,25739.0,283.0,,MIN,19
2014,NBA,All-Defense,1st,Andre Iguodala,,24509.0,227.0,,GSW,30
2014,NBA,All-Defense,1st,Chris Paul,,24586.0,380.0,,LAC,28
2014,NBA,All-Defense,1st,Joakim Noah,,24779.0,,,CHI,28
2014,NBA,All-Defense,1st,Paul George,,24953.0,161.0,,IND,23
2014,NBA,All-Defense,1st,Serge Ibaka,,25010.0,226.0,,OKC,24
2014,NBA,All-Defense,2nd,Jimmy Butler,,24778.0,75.0,,CHI,24
2014,NBA,All-Defense,2nd,Kawhi Leonard,,24816.0,288.0,,SAS,22
2014,NBA,All-Defense,2nd,LeBron James,,24853.0,239.0,,MIA,29
2014,NBA,All-Defense,2nd,Patrick Beverley,,24947.0,39.0,,HOU,25
2014,NBA,All-Defense,2nd,Roy Hibbert,,24995.0,,,IND,27
2014,NBA,All-NBA,1st,Chris Paul,G,24586.0,380.0,,LAC,28
2014,NBA,All-NBA,1st,James Harden,G,24731.0,190.0,,HOU,24
2014,NBA,All-NBA,1st,Joakim Noah,C,24779.0,,,CHI,28
2014,NBA,All-NBA,1st,Kevin Durant,F,24828.0,137.0,,OKC,25
2014,NBA,All-NBA,1st,LeBron James,F,24853.0,239.0,,MIA,29
2014,NBA,All-NBA,2nd,Blake Griffin,F,24547.0,183.0,,LAC,24
2014,NBA,All-NBA,2nd,Dwight Howard,C,24655.0,,,HOU,28
2014,NBA,All-NBA,2nd,Kevin Love,F,24830.0,299.0,,MIN,25
2014,NBA,All-NBA,2nd,Stephen Curry,G,25032.0,108.0,,GSW,25
2014,NBA,All-NBA,2nd,Tony Parker,G,25058.0,,,SAS,31
2014,NBA,All-NBA,3rd,Al Jefferson,C,24495.0,,,CHA,29
2014,NBA,All-NBA,3rd,Damian Lillard,G,24606.0,292.0,,POR,23
2014,NBA,All-NBA,3rd,Goran Dragić,G,24695.0,,,PHO,27
2014,NBA,All-NBA,3rd,LaMarcus Aldridge,F,24844.0,,,POR,28
2014,NBA,All-NBA,3rd,Paul George,F,24953.0,161.0,,IND,23
2014,NBA,All-Rookie,1st,Mason Plumlee,,24895.0,385.0,,BRK,23
2014,NBA,All-Rookie,1st,Michael Carter-Williams,,24904.0,85.0,,PHI,22
2014,NBA,All-Rookie,1st,Tim Hardaway Jr.,,25049.0,189.0,,NYK,21
2014,NBA,All-Rookie,1st,Trey Burke,,25068.0,,,UTA,21
2014,NBA,All-Rookie,1st,Victor Oladipo,,25081.0,375.0,,ORL,21
2014,NBA,All-Rookie,2nd,Cody Zeller,,24594.0,538.0,,CHA,21
2014,NBA,All-Rookie,2nd,Giannis Antetokounmpo,,24689.0,11.0,,MIL,19
2014,NBA,All-Rookie,2nd,Gorgui Dieng,,24697.0,121.0,,MIN,24
2014,NBA,All-Rookie,2nd,Kelly Olynyk,,24818.0,376.0,,BOS,22
2014,NBA,All-Rookie,2nd,Steven Adams,,25039.0,2.0,,OKC,20
2013,NBA,All-Defense,1st,Chris Paul,,23994.0,380.0,,LAC,27
2013,NBA,All-Defense,1st,Joakim Noah,,24194.0,,,CHI,27
2013,NBA,All-Defense,1st,LeBron James,,24275.0,239.0,,MIA,28
2013,NBA,All-Defense,1st,Serge Ibaka,,24404.0,226.0,,OKC,23
2013,NBA,All-Defense,1st,Tony Allen,,24448.0,,,MEM,31
2013,NBA,All-Defense,1st,Tyson Chandler,,24464.0,,,NYK,30
2013,NBA,All-Defense,2nd,Avery Bradley,,23950.0,,,BOS,22
2013,NBA,All-Defense,2nd,Marc Gasol,,24297.0,,,MEM,28
2013,NBA,All-Defense,2nd,Mike Conley,,24325.0,99.0,,MEM,25
2013,NBA,All-Defense,2nd,Paul George,,24357.0,161.0,,IND,22
2013,NBA,All-Defense,2nd,Tim Duncan,,24439.0,,,SAS,36
2013,NBA,All-NBA,1st,Chris Paul,G,23994.0,380.0,,LAC,27
2013,NBA,All-NBA,1st,Kevin Durant,F,24241.0,137.0,,OKC,24
2013,NBA,All-NBA,1st,Kobe Bryant,G,24253.0,,,LAL,34
2013,NBA,All-NBA,1st,LeBron James,F,24275.0,239.0,,MIA,28
2013,NBA,All-NBA,1st,Tim Duncan,C,24439.0,,,SAS,36
2013,NBA,All-NBA,2nd,Blake Griffin,F,23958.0,183.0,,LAC,23
2013,NBA,All-NBA,2nd,Carmelo Anthony,F,23976.0,,,NYK,28
2013,NBA,All-NBA,2nd,Marc Gasol,C,24297.0,,,MEM,28
2013,NBA,All-NBA,2nd,Russell Westbrook,G,24393.0,507.0,,OKC,24
2013,NBA,All-NBA,2nd,Tony Parker,G,24449.0,,,SAS,30
2013,NBA,All-NBA,3rd,David Lee,F,24032.0,,1983.0,GSW,29
2013,NBA,All-NBA,3rd,Dwight Howard,C,24072.0,,,LAL,27
2013,NBA,All-NBA,3rd,Dwyane Wade,G,24073.0,,,MIA,31
2013,NBA,All-NBA,3rd,James Harden,G,24148.0,190.0,,HOU,23
2013,NBA,All-NBA,3rd,Paul George,F,24357.0,161.0,,IND,22
2013,NBA,All-Rookie,1st,Anthony Davis,,23937.0,110.0,,NOH,19
2013,NBA,All-Rookie,1st,Bradley Beal,,23960.0,35.0,,WAS,19
2013,NBA,All-Rookie,1st,Damian Lillard,,24017.0,292.0,,POR,22
2013,NBA,All-Rookie,1st,Dion Waiters,,24055.0,,,CLE,21
2013,NBA,All-Rookie,1st,Harrison Barnes,,24124.0,27.0,,GSW,20
2013,NBA,All-Rookie,2nd,Andre Drummond,,23927.0,133.0,,DET,19
2013,NBA,All-Rookie,2nd,Jonas Valančiūnas,,24210.0,,,TOR,20
2013,NBA,All-Rookie,2nd,Kyle Singler,,24264.0,,,DET,24
2013,NBA,All-Rookie,2nd,Michael Kidd-Gilchrist,,24322.0,,,CHA,19
2013,NBA,All-Rookie,2nd,Tyler Zeller,,24460.0,,,CLE,23
2012,NBA,All-Defense,1st,Chris Paul,,23444.0,380.0,,LAC,26
2012,NBA,All-Defense,1st,Dwight Howard,,23519.0,,,ORL,26
2012,NBA,All-Defense,1st,LeBron James,,23706.0,239.0,,MIA,27
2012,NBA,All-Defense,1st,Serge Ibaka,,23840.0,226.0,,OKC,22
2012,NBA,All-Defense,1st,Tony Allen,,23875.0,,,MEM,30
2012,NBA,All-Defense,2nd,Kevin Garnett,,23677.0,,,BOS,35
2012,NBA,All-Defense,2nd,Kobe Bryant,,23684.0,,,LAL,33
2012,NBA,All-Defense,2nd,Luol Deng,,23721.0,,,CHI,26
2012,NBA,All-Defense,2nd,Rajon Rondo,,23791.0,,,BOS,25
2012,NBA,All-Defense,2nd,Tyson Chandler,,23892.0,,,NYK,29
2012,NBA,All-NBA,1st,Chris Paul,G,23444.0,380.0,,LAC,26
2012,NBA,All-NBA,1st,Dwight Howard,C,23519.0,,,ORL,26
2012,NBA,All-NBA,1st,Kevin Durant,F,23676.0,137.0,,OKC,23
2012,NBA,All-NBA,1st,Kobe Bryant,G,23684.0,,,LAL,33
2012,NBA,All-NBA,1st,LeBron James,F,23706.0,239.0,,MIA,27
2012,NBA,All-NBA,2nd,Andrew Bynum,C,23378.0,,,LAL,24
2012,NBA,All-NBA,2nd,Blake Griffin,F,23402.0,183.0,,LAC,22
2012,NBA,All-NBA,2nd,Kevin Love,F,23678.0,299.0,,MIN,23
2012,NBA,All-NBA,2nd,Russell Westbrook,G,23822.0,507.0,,OKC,23
2012,NBA,All-NBA,2nd,Tony Parker,G,23877.0,,,SAS,29
2012,NBA,All-NBA,3rd,Carmelo Anthony,F,23428.0,,,NYK,27
2012,NBA,All-NBA,3rd,Dirk Nowitzki,F,23509.0,,,DAL,33
2012,NBA,All-NBA,3rd,Dwyane Wade,G,23520.0,,,MIA,30
2012,NBA,All-NBA,3rd,Rajon Rondo,G,23791.0,,,BOS,25
2012,NBA,All-NBA,3rd,Tyson Chandler,C,23892.0,,,NYK,29
2012,NBA,All-Rookie,1st,Brandon Knight,,23411.0,,,DET,20
2012,NBA,All-Rookie,1st,Kawhi Leonard,,23668.0,288.0,,SAS,20
2012,NBA,All-Rookie,1st,Kenneth Faried,,23674.0,,,DEN,22
2012,NBA,All-Rookie,1st,Klay Thompson,,23683.0,471.0,,GSW,21
2012,NBA,All-Rookie,1st,Kyrie Irving,,23691.0,230.0,,CLE,19
2012,NBA,All-Rookie,1st,Ricky Rubio,,23808.0,425.0,,MIN,21
2012,NBA,All-Rookie,2nd,Chandler Parsons,,23431.0,,,HOU,23
2012,NBA,All-Rookie,2nd,Derrick Williams,,23503.0,,,MIN,20
2012,NBA,All-Rookie,2nd,Isaiah Thomas,,23576.0,,,SAC,22
2012,NBA,All-Rookie,2nd,MarShon Brooks,,23738.0,,,NJN,23
2012,NBA,All-Rookie,2nd,Tristan Thompson,,23885.0,612.0,,CLE,20
2011,NBA,All-Defense,1st,Dwight Howard,,22919.0,,,ORL,25
2011,NBA,All-Defense,1st,Kevin Garnett,,23087.0,,,BOS,34
2011,NBA,All-Defense,1st,Kobe Bryant,,23095.0,,,LAL,32
2011,NBA,All-Defense,1st,LeBron James,,23116.0,239.0,,MIA,26
2011,NBA,All-Defense,1st,Rajon Rondo,,23221.0,,,BOS,24
2011,NBA,All-Defense,2nd,Andre Iguodala,,22760.0,227.0,,PHI,27
2011,NBA,All-Defense,2nd,Chris Paul,,22841.0,380.0,,NOH,25
2011,NBA,All-Defense,2nd,Joakim Noah,,23049.0,,,CHI,25
2011,NBA,All-Defense,2nd,Tony Allen,,23319.0,,,MEM,29
2011,NBA,All-Defense,2nd,Tyson Chandler,,23336.0,,,DAL,28
2011,NBA,All-NBA,1st,Derrick Rose,G,22905.0,422.0,,CHI,22
2011,NBA,All-NBA,1st,Dwight Howard,C,22919.0,,,ORL,25
2011,NBA,All-NBA,1st,Kevin Durant,F,23086.0,137.0,,OKC,22
2011,NBA,All-NBA,1st,Kobe Bryant,G,23095.0,,,LAL,32
2011,NBA,All-NBA,1st,LeBron James,F,23116.0,239.0,,MIA,26
2011,NBA,All-NBA,2nd,Amar'e Stoudemire,C,22756.0,,,NYK,28
2011,NBA,All-NBA,2nd,Dirk Nowitzki,F,22913.0,,,DAL,32
2011,NBA,All-NBA,2nd,Dwyane Wade,G,22920.0,,,MIA,29
2011,NBA,All-NBA,2nd,Pau Gasol,F,23208.0,,,LAL,30
2011,NBA,All-NBA,2nd,Russell Westbrook,G,23256.0,507.0,,OKC,22
2011,NBA,All-NBA,3rd,Al Horford,C,22743.0,217.0,,ATL,24
2011,NBA,All-NBA,3rd,Chris Paul,G,22841.0,380.0,,NOH,25
2011,NBA,All-NBA,3rd,LaMarcus Aldridge,F,23107.0,,,POR,25
2011,NBA,All-NBA,3rd,Manu Ginóbili,G,23136.0,,,SAS,33
2011,NBA,All-NBA,3rd,Zach Randolph,F,23356.0,,,MEM,29
2011,NBA,All-Rookie,1st,Blake Griffin,,22793.0,183.0,,LAC,21
2011,NBA,All-Rookie,1st,DeMarcus Cousins,,22890.0,,,SAC,20
2011,NBA,All-Rookie,1st,Gary Neal,,22954.0,,,SAS,26
2011,NBA,All-Rookie,1st,John Wall,,23064.0,497.0,,WAS,20
2011,NBA,All-Rookie,1st,Landry Fields,,23109.0,,,NYK,22
2011,NBA,All-Rookie,2nd,Derrick Favors,,22902.0,,,TOT,19
2011,NBA,All-Rookie,2nd,Eric Bledsoe,,22936.0,,,LAC,21
2011,NBA,All-Rookie,2nd,Greg Monroe,,22969.0,,,DET,20
2011,NBA,All-Rookie,2nd,Paul George,,23209.0,161.0,,IND,20
2011,NBA,All-Rookie,2nd,Wesley Johnson,,23344.0,,,MIN,23
2010,NBA,All-Defense,1st,Dwight Howard,,22328.0,,,ORL,24
2010,NBA,All-Defense,1st,Gerald Wallace,,22361.0,,,CHA,27
2010,NBA,All-Defense,1st,Kobe Bryant,,22483.0,,,LAL,31
2010,NBA,All-Defense,1st,LeBron James,,22500.0,239.0,,CLE,25
2010,NBA,All-Defense,1st,Rajon Rondo,,22601.0,,,BOS,23
2010,NBA,All-Defense,2nd,Anderson Varejão,,22182.0,,,CLE,27
2010,NBA,All-Defense,2nd,Dwyane Wade,,22329.0,,,MIA,28
2010,NBA,All-Defense,2nd,Josh Smith,,22464.0,,,ATL,24
2010,NBA,All-Defense,2nd,Thabo Sefolosha,,22687.0,,,OKC,25
2010,NBA,All-Defense,2nd,Tim Duncan,,22692.0,,,SAS,33
2010,NBA,All-NBA,1st,Dwight Howard,C,22328.0,,,ORL,24
2010,NBA,All-NBA,1st,Dwyane Wade,G,22329.0,,,MIA,28
2010,NBA,All-NBA,1st,Kevin Durant,F,22474.0,137.0,,OKC,21
2010,NBA,All-NBA,1st,Kobe Bryant,G,22483.0,,,LAL,31
2010,NBA,All-NBA,1st,LeBron James,F,22500.0,239.0,,CLE,25
2010,NBA,All-NBA,2nd,Amar'e Stoudemire,C,22180.0,,,PHO,27
2010,NBA,All-NBA,2nd,Carmelo Anthony,F,22239.0,,,DEN,25
2010,NBA,All-NBA,2nd,Deron Williams,G,22305.0,,,UTA,25
2010,NBA,All-NBA,2nd,Dirk Nowitzki,F,22318.0,,,DAL,31
2010,NBA,All-NBA,2nd,Steve Nash,G,22678.0,,,PHO,35
2010,NBA,All-NBA,3rd,Andrew Bogut,C,22189.0,,,MIL,25
2010,NBA,All-NBA,3rd,Brandon Roy,G,22220.0,,,POR,25
2010,NBA,All-NBA,3rd,Joe Johnson,G,22437.0,,,ATL,28
2010,NBA,All-NBA,3rd,Pau Gasol,F,22580.0,,,LAL,29
2010,NBA,All-NBA,3rd,Tim Duncan,F,22692.0,,,SAS,33
2010,NBA,All-Rookie,1st,Brandon Jennings,,22219.0,,,MIL,20
2010,NBA,All-Rookie,1st,Darren Collison,,22295.0,,,NOH,22
2010,NBA,All-Rookie,1st,Stephen Curry,,22670.0,108.0,,GSW,21
2010,NBA,All-Rookie,1st,Taj Gibson,,22683.0,162.0,,CHI,24
2010,NBA,All-Rookie,1st,Tyreke Evans,,22713.0,,,SAC,20
2010,NBA,All-Rookie,2nd,DeJuan Blair,,22300.0,,,SAS,20
2010,NBA,All-Rookie,2nd,James Harden,,22394.0,190.0,,OKC,20
2010,NBA,All-Rookie,2nd,Jonas Jerebko,,22450.0,,,DET,22
2010,NBA,All-Rookie,2nd,Jonny Flynn,,22452.0,,,MIN,20
2010,NBA,All-Rookie,2nd,Marcus Thornton,,22528.0,,,NOH,22
2009,NBA,All-Defense,1st,Chris Paul,,21691.0,380.0,,NOH,23
2009,NBA,All-Defense,1st,Dwight Howard,,21759.0,,,ORL,23
2009,NBA,All-Defense,1st,Kevin Garnett,,21886.0,,,BOS,32
2009,NBA,All-Defense,1st,Kobe Bryant,,21892.0,,,LAL,30
2009,NBA,All-Defense,1st,LeBron James,,21909.0,239.0,,CLE,24
2009,NBA,All-Defense,2nd,Dwyane Wade,,21760.0,,,MIA,27
2009,NBA,All-Defense,2nd,Metta World Peace,,21965.0,,,HOU,29
2009,NBA,All-Defense,2nd,Rajon Rondo,,22022.0,,,BOS,22
2009,NBA,All-Defense,2nd,Shane Battier,,22073.0,,,HOU,30
2009,NBA,All-Defense,2nd,Tim Duncan,,22113.0,,,SAS,32
2009,NBA,All-NBA,1st,Dirk Nowitzki,F,21748.0,,,DAL,30
2009,NBA,All-NBA,1st,Dwight Howard,C,21759.0,,,ORL,23
2009,NBA,All-NBA,1st,Dwyane Wade,G,21760.0,,,MIA,27
2009,NBA,All-NBA,1st,Kobe Bryant,G,21892.0,,,LAL,30
2009,NBA,All-NBA,1st,LeBron James,F,21909.0,239.0,,CLE,24
2009,NBA,All-NBA,2nd,Brandon Roy,G,21649.0,,,POR,24
2009,NBA,All-NBA,2nd,Chris Paul,G,21691.0,380.0,,NOH,23
2009,NBA,All-NBA,2nd,Paul Pierce,F,22006.0,,,BOS,31
2009,NBA,All-NBA,2nd,Tim Duncan,F,22113.0,,,SAS,32
2009,NBA,All-NBA,2nd,Yao Ming,C,22149.0,,,HOU,28
2009,NBA,All-NBA,3rd,Carmelo Anthony,F,21669.0,,,DEN,24
2009,NBA,All-NBA,3rd,Chauncey Billups,G,21678.0,,,TOT,32
2009,NBA,All-NBA,3rd,Pau Gasol,F,22003.0,,,LAL,28
2009,NBA,All-NBA,3rd,Shaquille O'Neal,C,22077.0,,,PHO,36
2009,NBA,All-NBA,3rd,Tony Parker,G,22120.0,,,SAS,26
2009,NBA,All-Rookie,1st,Brook Lopez,,21660.0,297.0,,NJN,20
2009,NBA,All-Rookie,1st,Derrick Rose,,21737.0,422.0,,CHI,20
2009,NBA,All-Rookie,1st,Michael Beasley,,21966.0,,,MIA,20
2009,NBA,All-Rookie,1st,O.J. Mayo,,21997.0,,,MEM,21
2009,NBA,All-Rookie,1st,Russell Westbrook,,22055.0,507.0,,OKC,20
2009,NBA,All-Rookie,2nd,D.J. Augustin,,21708.0,,,CHA,21
2009,NBA,All-Rookie,2nd,Eric Gordon,,21768.0,170.0,,LAC,20
2009,NBA,All-Rookie,2nd,Kevin Love,,21887.0,299.0,,MIN,20
2009,NBA,All-Rookie,2nd,Marc Gasol,,21934.0,,,MEM,24
2009,NBA,All-Rookie,2nd,Mario Chalmers,,21946.0,,,MIA,22
2009,NBA,All-Rookie,2nd,Rudy Fernández,,22053.0,,,POR,23
2008,NBA,All-Defense,1st,Bruce Bowen,,21065.0,,,SAS,36
2008,NBA,All-Defense,1st,Kevin Garnett,,21291.0,,,BOS,31
2008,NBA,All-Defense,1st,Kobe Bryant,,21299.0,,,LAL,29
2008,NBA,All-Defense,1st,Marcus Camby,,21350.0,,,DEN,33
2008,NBA,All-Defense,1st,Tim Duncan,,21533.0,,,SAS,31
2008,NBA,All-Defense,2nd,Chris Paul,,21089.0,380.0,,NOH,22
2008,NBA,All-Defense,2nd,Dwight Howard,,21157.0,,,ORL,22
2008,NBA,All-Defense,2nd,Raja Bell,,21436.0,,,PHO,31
2008,NBA,All-Defense,2nd,Shane Battier,,21486.0,,,HOU,29
2008,NBA,All-Defense,2nd,Tayshaun Prince,,21526.0,,,DET,27
2008,NBA,All-NBA,1st,Chris Paul,G,21089.0,380.0,,NOH,22
2008,NBA,All-NBA,1st,Dwight Howard,C,21157.0,,,ORL,22
2008,NBA,All-NBA,1st,Kevin Garnett,F,21291.0,,,BOS,31
2008,NBA,All-NBA,1st,Kobe Bryant,G,21299.0,,,LAL,29
2008,NBA,All-NBA,1st,LeBron James,F,21320.0,239.0,,CLE,23
2008,NBA,All-NBA,2nd,Amar'e Stoudemire,C,20995.0,,,PHO,25
2008,NBA,All-NBA,2nd,Deron Williams,G,21135.0,,,UTA,23
2008,NBA,All-NBA,2nd,Dirk Nowitzki,F,21147.0,,,DAL,29
2008,NBA,All-NBA,2nd,Steve Nash,G,21515.0,,,PHO,33
2008,NBA,All-NBA,2nd,Tim Duncan,F,21533.0,,,SAS,31
2008,NBA,All-NBA,3rd,Carlos Boozer,F,21071.0,,,UTA,26
2008,NBA,All-NBA,3rd,Manu Ginóbili,G,21344.0,,,SAS,30
2008,NBA,All-NBA,3rd,Paul Pierce,F,21425.0,,,BOS,30
2008,NBA,All-NBA,3rd,Tracy McGrady,G,21537.0,,,HOU,28
2008,NBA,All-NBA,3rd,Yao Ming,C,21569.0,,,HOU,27
2008,NBA,All-Rookie,1st,Al Horford,,20988.0,217.0,,ATL,21
2008,NBA,All-Rookie,1st,Al Thornton,,20990.0,,,LAC,24
2008,NBA,All-Rookie,1st,Jeff Green,,21242.0,180.0,,SEA,21
2008,NBA,All-Rookie,1st,Kevin Durant,,21290.0,137.0,,SEA,19
2008,NBA,All-Rookie,1st,Luis Scola,,21333.0,,,HOU,27
2008,NBA,All-Rookie,2nd,Carl Landry,,21069.0,,,HOU,24
2008,NBA,All-Rookie,2nd,Jamario Moon,,21214.0,,,TOR,27
2008,NBA,All-Rookie,2nd,Juan Carlos Navarro,,21272.0,,,MEM,27
2008,NBA,All-Rookie,2nd,Rodney Stuckey,,21457.0,,,DET,21
2008,NBA,All-Rookie,2nd,Thaddeus Young,,21528.0,535.0,,PHI,19
2007,NBA,All-Defense,1st,Bruce Bowen,,20534.0,,,SAS,35
2007,NBA,All-Defense,1st,Kobe Bryant,,20750.0,,,LAL,28
2007,NBA,All-Defense,1st,Marcus Camby,,20786.0,,,DEN,32
2007,NBA,All-Defense,1st,Raja Bell,,20857.0,,,PHO,30
2007,NBA,All-Defense,1st,Tim Duncan,,20940.0,,,SAS,30
2007,NBA,All-Defense,2nd,Ben Wallace,,20512.0,,,CHI,32
2007,NBA,All-Defense,2nd,Jason Kidd,,20690.0,,,NJN,33
2007,NBA,All-Defense,2nd,Kevin Garnett,,20742.0,,,MIN,30
2007,NBA,All-Defense,2nd,Kirk Hinrich,,20748.0,,,CHI,26
2007,NBA,All-Defense,2nd,Tayshaun Prince,,20937.0,,,DET,26
2007,NBA,All-NBA,1st,Amar'e Stoudemire,C,20481.0,,,PHO,24
2007,NBA,All-NBA,1st,Dirk Nowitzki,F,20603.0,,,DAL,28
2007,NBA,All-NBA,1st,Kobe Bryant,G,20750.0,,,LAL,28
2007,NBA,All-NBA,1st,Steve Nash,G,20930.0,,,PHO,32
2007,NBA,All-NBA,1st,Tim Duncan,F,20940.0,,,SAS,30
2007,NBA,All-NBA,2nd,Chris Bosh,F,20548.0,,,TOR,22
2007,NBA,All-NBA,2nd,Gilbert Arenas,G,20644.0,,,WAS,25
2007,NBA,All-NBA,2nd,LeBron James,F,20761.0,239.0,,CLE,22
2007,NBA,All-NBA,2nd,Tracy McGrady,G,20945.0,,,HOU,27
2007,NBA,All-NBA,2nd,Yao Ming,C,20974.0,,,HOU,26
2007,NBA,All-NBA,3rd,Carmelo Anthony,F,20540.0,,,DEN,22
2007,NBA,All-NBA,3rd,Chauncey Billups,G,20547.0,,,DET,30
2007,NBA,All-NBA,3rd,Dwight Howard,C,20610.0,,,ORL,21
2007,NBA,All-NBA,3rd,Dwyane Wade,G,20611.0,,,MIA,25
2007,NBA,All-NBA,3rd,Kevin Garnett,F,20742.0,,,MIN,30
2007,NBA,All-Rookie,1st,Andrea Bargnani,,20491.0,,,TOR,21
2007,NBA,All-Rookie,1st,Brandon Roy,,20526.0,,,POR,22
2007,NBA,All-Rookie,1st,Jorge Garbajosa,,20713.0,,,TOR,29
2007,NBA,All-Rookie,1st,LaMarcus Aldridge,,20757.0,,,POR,21
2007,NBA,All-Rookie,1st,Randy Foye,,20860.0,,,MIN,23
2007,NBA,All-Rookie,1st,Rudy Gay,,20888.0,160.0,,MEM,20
2007,NBA,All-Rookie,2nd,Adam Morrison,,20465.0,,,CHA,22
2007,NBA,All-Rookie,2nd,Craig Smith,,20563.0,,,MIN,23
2007,NBA,All-Rookie,2nd,Paul Millsap,,20846.0,,,UTA,21
2007,NBA,All-Rookie,2nd,Rajon Rondo,,20858.0,,,BOS,20
2007,NBA,All-Rookie,2nd,Tyrus Thomas,,20955.0,,,CHI,20
2007,NBA,All-Rookie,2nd,Walter Herrmann,,20966.0,,,CHA,27
2006,NBA,All-Defense,1st,Andrei Kirilenko,,19926.0,,,UTA,24
2006,NBA,All-Defense,1st,Ben Wallace,,19951.0,,,DET,31
2006,NBA,All-Defense,1st,Bruce Bowen,,19977.0,,,SAS,34
2006,NBA,All-Defense,1st,Jason Kidd,,20136.0,,,NJN,32
2006,NBA,All-Defense,1st,Kobe Bryant,,20200.0,,,LAL,27
2006,NBA,All-Defense,1st,Metta World Peace,,20267.0,,,TOT,26
2006,NBA,All-Defense,2nd,Chauncey Billups,,19995.0,,,DET,29
2006,NBA,All-Defense,2nd,Kevin Garnett,,20194.0,,,MIN,29
2006,NBA,All-Defense,2nd,Marcus Camby,,20242.0,,,DEN,31
2006,NBA,All-Defense,2nd,Tayshaun Prince,,20406.0,,,DET,25
2006,NBA,All-Defense,2nd,Tim Duncan,,20409.0,,,SAS,29
2006,NBA,All-NBA,1st,Dirk Nowitzki,F,20055.0,,,DAL,27
2006,NBA,All-NBA,1st,Kobe Bryant,G,20200.0,,,LAL,27
2006,NBA,All-NBA,1st,LeBron James,F,20211.0,239.0,,CLE,21
2006,NBA,All-NBA,1st,Shaquille O'Neal,C,20382.0,,,MIA,33
2006,NBA,All-NBA,1st,Steve Nash,G,20402.0,,,PHO,31
2006,NBA,All-NBA,2nd,Ben Wallace,C,19951.0,,,DET,31
2006,NBA,All-NBA,2nd,Chauncey Billups,G,19995.0,,,DET,29
2006,NBA,All-NBA,2nd,Dwyane Wade,G,20064.0,,,MIA,24
2006,NBA,All-NBA,2nd,Elton Brand,F,20077.0,,,LAC,26
2006,NBA,All-NBA,2nd,Tim Duncan,F,20409.0,,,SAS,29
2006,NBA,All-NBA,3rd,Allen Iverson,G,19913.0,,,PHI,30
2006,NBA,All-NBA,3rd,Carmelo Anthony,F,19987.0,,,DEN,21
2006,NBA,All-NBA,3rd,Gilbert Arenas,G,20094.0,,,WAS,24
2006,NBA,All-NBA,3rd,Shawn Marion,F,20387.0,,,PHO,27
2006,NBA,All-NBA,3rd,Yao Ming,C,20452.0,,,HOU,25
2006,NBA,All-Rookie,1st,Andrew Bogut,,19928.0,,,MIL,21
2006,NBA,All-Rookie,1st,Channing Frye,,19989.0,,,NYK,22
2006,NBA,All-Rookie,1st,Charlie Villanueva,,19994.0,,,TOR,21
2006,NBA,All-Rookie,1st,Chris Paul,,20001.0,380.0,,NOK,20
2006,NBA,All-Rookie,1st,Deron Williams,,20044.0,,,UTA,21
2006,NBA,All-Rookie,2nd,Danny Granger,,20025.0,,,IND,22
2006,NBA,All-Rookie,2nd,Luther Head,,20229.0,,,HOU,23
2006,NBA,All-Rookie,2nd,Marvin Williams,,20253.0,,,ATL,19
2006,NBA,All-Rookie,2nd,Raymond Felton,,20334.0,,,CHA,21
2006,NBA,All-Rookie,2nd,Ryan Gomes,,20364.0,,,BOS,23
2005,NBA,All-Defense,1st,Ben Wallace,,19367.0,,,DET,30
2005,NBA,All-Defense,1st,Bruce Bowen,,19394.0,,,SAS,33
2005,NBA,All-Defense,1st,Kevin Garnett,,19632.0,,,MIN,28
2005,NBA,All-Defense,1st,Larry Hughes,,19648.0,,,WAS,26
2005,NBA,All-Defense,1st,Tim Duncan,,19843.0,,,SAS,28
2005,NBA,All-Defense,2nd,Andrei Kirilenko,,19339.0,,,UTA,23
2005,NBA,All-Defense,2nd,Chauncey Billups,,19412.0,,,DET,28
2005,NBA,All-Defense,2nd,Dwyane Wade,,19490.0,,,MIA,23
2005,NBA,All-Defense,2nd,Jason Kidd,,19570.0,,,NJN,31
2005,NBA,All-Defense,2nd,Marcus Camby,,19681.0,,,DEN,30
2005,NBA,All-Defense,2nd,Tayshaun Prince,,19839.0,,,DET,24
2005,NBA,All-NBA,1st,Allen Iverson,G,19327.0,,,PHI,29
2005,NBA,All-NBA,1st,Dirk Nowitzki,F,19480.0,,,DAL,26
2005,NBA,All-NBA,1st,Shaquille O'Neal,C,19815.0,,,MIA,32
2005,NBA,All-NBA,1st,Steve Nash,G,19832.0,,,PHO,30
2005,NBA,All-NBA,1st,Tim Duncan,F,19843.0,,,SAS,28
2005,NBA,All-NBA,2nd,Amar'e Stoudemire,C,19331.0,,,PHO,22
2005,NBA,All-NBA,2nd,Dwyane Wade,G,19490.0,,,MIA,23
2005,NBA,All-NBA,2nd,Kevin Garnett,F,19632.0,,,MIN,28
2005,NBA,All-NBA,2nd,LeBron James,F,19652.0,239.0,,CLE,20
2005,NBA,All-NBA,2nd,Ray Allen,G,19772.0,,,SEA,29
2005,NBA,All-NBA,3rd,Ben Wallace,C,19367.0,,,DET,30
2005,NBA,All-NBA,3rd,Gilbert Arenas,G,19527.0,,,WAS,23
2005,NBA,All-NBA,3rd,Kobe Bryant,G,19640.0,,,LAL,26
2005,NBA,All-NBA,3rd,Shawn Marion,F,19819.0,,,PHO,26
2005,NBA,All-NBA,3rd,Tracy McGrady,F,19856.0,,,HOU,25
2005,NBA,All-Rookie,1st,Andre Iguodala,,19337.0,227.0,,PHI,21
2005,NBA,All-Rookie,1st,Ben Gordon,,19365.0,,,CHI,21
2005,NBA,All-Rookie,1st,Dwight Howard,,19489.0,,,ORL,19
2005,NBA,All-Rookie,1st,Emeka Okafor,,19508.0,,,CHA,22
2005,NBA,All-Rookie,1st,Luol Deng,,19667.0,,,CHI,19
2005,NBA,All-Rookie,2nd,Al Jefferson,,19322.0,,,BOS,20
2005,NBA,All-Rookie,2nd,Jameer Nelson,,19554.0,,,ORL,22
2005,NBA,All-Rookie,2nd,Josh Childress,,19602.0,,,ATL,21
2005,NBA,All-Rookie,2nd,Josh Smith,,19605.0,,,ATL,19
2005,NBA,All-Rookie,2nd,Nenad Krstić,,19738.0,,,NJN,21
2004,NBA,All-Defense,1st,Ben Wallace,,18770.0,,,DET,29
2004,NBA,All-Defense,1st,Bruce Bowen,,18798.0,,,SAS,32
2004,NBA,All-Defense,1st,Kevin Garnett,,19036.0,,,MIN,27
2004,NBA,All-Defense,1st,Kobe Bryant,,19042.0,,,LAL,25
2004,NBA,All-Defense,1st,Metta World Peace,,19099.0,,,IND,24
2004,NBA,All-Defense,2nd,Andrei Kirilenko,,18745.0,,,UTA,22
2004,NBA,All-Defense,2nd,Doug Christie,,18899.0,,,SAC,33
2004,NBA,All-Defense,2nd,Jason Kidd,,18983.0,,,NJN,30
2004,NBA,All-Defense,2nd,Theo Ratliff,,19250.0,,,TOT,30
2004,NBA,All-Defense,2nd,Tim Duncan,,19255.0,,,SAS,27
2004,NBA,All-NBA,1st,Jason Kidd,G,18983.0,,,NJN,30
2004,NBA,All-NBA,1st,Kevin Garnett,F,19036.0,,,MIN,27
2004,NBA,All-NBA,1st,Kobe Bryant,G,19042.0,,,LAL,25
2004,NBA,All-NBA,1st,Shaquille O'Neal,C,19227.0,,,LAL,31
2004,NBA,All-NBA,1st,Tim Duncan,F,19255.0,,,SAS,27
2004,NBA,All-NBA,2nd,Ben Wallace,C,18770.0,,,DET,29
2004,NBA,All-NBA,2nd,Jermaine O'Neal,F,18993.0,,,IND,25
2004,NBA,All-NBA,2nd,Peja Stojaković,F,19150.0,,,SAC,26
2004,NBA,All-NBA,2nd,Sam Cassell,G,19207.0,,,MIN,34
2004,NBA,All-NBA,2nd,Tracy McGrady,G,19272.0,,,ORL,24
2004,NBA,All-NBA,3rd,Baron Davis,G,18768.0,,,NOH,24
2004,NBA,All-NBA,3rd,Dirk Nowitzki,F,18892.0,,,DAL,25
2004,NBA,All-NBA,3rd,Metta World Peace,F,19099.0,,,IND,24
2004,NBA,All-NBA,3rd,Michael Redd,G,19109.0,,,MIL,24
2004,NBA,All-NBA,3rd,Yao Ming,C,19305.0,,,HOU,23
2004,NBA,All-Rookie,1st,Carmelo Anthony,,18808.0,,,DEN,19
2004,NBA,All-Rookie,1st,Chris Bosh,,18821.0,,,TOR,19
2004,NBA,All-Rookie,1st,Dwyane Wade,,18904.0,,,MIA,22
2004,NBA,All-Rookie,1st,Kirk Hinrich,,19040.0,,,CHI,23
2004,NBA,All-Rookie,1st,LeBron James,,19051.0,239.0,,CLE,19
2004,NBA,All-Rookie,2nd,Jarvis Hayes,,18978.0,,,WAS,22
2004,NBA,All-Rookie,2nd,Josh Howard,,19013.0,,,DAL,23
2004,NBA,All-Rookie,2nd,Marquis Daniels,,19085.0,,,DAL,23
2004,NBA,All-Rookie,2nd,T.J. Ford,,19247.0,,,MIL,20
2004,NBA,All-Rookie,2nd,Udonis Haslem,,19285.0,201.0,,MIA,23
2003,NBA,All-Defense,1st,Ben Wallace,,18288.0,,,DET,28
2003,NBA,All-Defense,1st,Doug Christie,,18385.0,,,SAC,32
2003,NBA,All-Defense,1st,Kevin Garnett,,18513.0,,,MIN,26
2003,NBA,All-Defense,1st,Kobe Bryant,,18520.0,,,LAL,24
2003,NBA,All-Defense,1st,Tim Duncan,,18688.0,,,SAS,26
2003,NBA,All-Defense,2nd,Bruce Bowen,,18309.0,,,SAS,31
2003,NBA,All-Defense,2nd,Eric Snow,,18404.0,,,PHI,29
2003,NBA,All-Defense,2nd,Jason Kidd,,18459.0,,,NJN,29
2003,NBA,All-Defense,2nd,Metta World Peace,,18562.0,,,IND,23
2003,NBA,All-Defense,2nd,Shaquille O'Neal,,18664.0,,,LAL,30
2003,NBA,All-NBA,1st,Kevin Garnett,F,18513.0,,,MIN,26
2003,NBA,All-NBA,1st,Kobe Bryant,G,18520.0,,,LAL,24
2003,NBA,All-NBA,1st,Shaquille O'Neal,C,18664.0,,,LAL,30
2003,NBA,All-NBA,1st,Tim Duncan,F,18688.0,,,SAS,26
2003,NBA,All-NBA,1st,Tracy McGrady,G,18699.0,,,ORL,23
2003,NBA,All-NBA,2nd,Allen Iverson,G,18258.0,,,PHI,27
2003,NBA,All-NBA,2nd,Ben Wallace,C,18288.0,,,DET,28
2003,NBA,All-NBA,2nd,Chris Webber,F,18333.0,,,SAC,29
2003,NBA,All-NBA,2nd,Dirk Nowitzki,F,18380.0,,,DAL,24
2003,NBA,All-NBA,2nd,Jason Kidd,G,18459.0,,,NJN,29
2003,NBA,All-NBA,3rd,Jamal Mashburn,F,18447.0,,,NOH,30
2003,NBA,All-NBA,3rd,Jermaine O'Neal,C,18471.0,,,IND,24
2003,NBA,All-NBA,3rd,Paul Pierce,F,18601.0,,,BOS,25
2003,NBA,All-NBA,3rd,Stephon Marbury,G,18675.0,,,PHO,25
2003,NBA,All-NBA,3rd,Steve Nash,G,18678.0,,,DAL,28
2003,NBA,All-Rookie,1st,Amar'e Stoudemire,,18262.0,,,PHO,20
2003,NBA,All-Rookie,1st,Caron Butler,,18317.0,,,MIA,22
2003,NBA,All-Rookie,1st,Drew Gooden,,18386.0,,,TOT,21
2003,NBA,All-Rookie,1st,Nenê,,18591.0,,,DEN,20
2003,NBA,All-Rookie,1st,Yao Ming,,18725.0,,,HOU,22
2003,NBA,All-Rookie,2nd,Carlos Boozer,,18316.0,,,CLE,21
2003,NBA,All-Rookie,2nd,Gordan Giriček,,18423.0,,,TOT,25
2003,NBA,All-Rookie,2nd,J.R. Bremer,,18438.0,,,BOS,22
2003,NBA,All-Rookie,2nd,Jay Williams,,18463.0,,,CHI,21
2003,NBA,All-Rookie,2nd,Manu Ginóbili,,18539.0,,,SAS,25
2002,NBA,All-Defense,1st,Ben Wallace,,17783.0,,,DET,27
2002,NBA,All-Defense,1st,Gary Payton,,17923.0,,,SEA,33
2002,NBA,All-Defense,1st,Jason Kidd,,17973.0,,,NJN,28
2002,NBA,All-Defense,1st,Kevin Garnett,,18024.0,,,MIN,25
2002,NBA,All-Defense,1st,Tim Duncan,,18196.0,,,SAS,25
2002,NBA,All-Defense,2nd,Bruce Bowen,,17805.0,,,SAS,30
2002,NBA,All-Defense,2nd,Clifford Robinson,,17839.0,,,DET,35
2002,NBA,All-Defense,2nd,Dikembe Mutombo,,17882.0,,,PHI,35
2002,NBA,All-Defense,2nd,Doug Christie,,17891.0,,,SAC,31
2002,NBA,All-Defense,2nd,Kobe Bryant,,18031.0,,,LAL,23
2002,NBA,All-NBA,1st,Jason Kidd,G,17973.0,,,NJN,28
2002,NBA,All-NBA,1st,Kobe Bryant,G,18031.0,,,LAL,23
2002,NBA,All-NBA,1st,Shaquille O'Neal,C,18169.0,,,LAL,29
2002,NBA,All-NBA,1st,Tim Duncan,F,18196.0,,,SAS,25
2002,NBA,All-NBA,1st,Tracy McGrady,F,18211.0,,,ORL,22
2002,NBA,All-NBA,2nd,Allen Iverson,G,17755.0,,,PHI,26
2002,NBA,All-NBA,2nd,Chris Webber,F,17833.0,,,SAC,28
2002,NBA,All-NBA,2nd,Dirk Nowitzki,C,17884.0,,,DAL,23
2002,NBA,All-NBA,2nd,Gary Payton,G,17923.0,,,SEA,33
2002,NBA,All-NBA,2nd,Kevin Garnett,F,18024.0,,,MIN,25
2002,NBA,All-NBA,3rd,Ben Wallace,F,17783.0,,,DET,27
2002,NBA,All-NBA,3rd,Dikembe Mutombo,C,17882.0,,,PHI,35
2002,NBA,All-NBA,3rd,Jermaine O'Neal,F,17982.0,,,IND,23
2002,NBA,All-NBA,3rd,Paul Pierce,G,18111.0,,,BOS,24
2002,NBA,All-NBA,3rd,Steve Nash,G,18183.0,,,DAL,27
2002,NBA,All-Rookie,1st,Andrei Kirilenko,,17762.0,,,UTA,20
2002,NBA,All-Rookie,1st,Jason Richardson,,17974.0,,,GSW,21
2002,NBA,All-Rookie,1st,Pau Gasol,,18110.0,,,MEM,21
2002,NBA,All-Rookie,1st,Shane Battier,,18168.0,,,MEM,23
2002,NBA,All-Rookie,1st,Tony Parker,,18210.0,,,SAS,19
2002,NBA,All-Rookie,2nd,Eddie Griffin,,17896.0,,,HOU,19
2002,NBA,All-Rookie,2nd,Jamaal Tinsley,,17962.0,,,IND,23
2002,NBA,All-Rookie,2nd,Joe Johnson,,17992.0,,,TOT,20
2002,NBA,All-Rookie,2nd,Richard Jefferson,,18135.0,,,NJN,21
2002,NBA,All-Rookie,2nd,Vladimir Radmanović,,18232.0,,,SEA,21
2002,NBA,All-Rookie,2nd,Željko Rebrača,,18244.0,,,DET,29
2001,NBA,All-Defense,1st,Dikembe Mutombo,,17363.0,,,TOT,34
2001,NBA,All-Defense,1st,Gary Payton,,17416.0,,,SEA,32
2001,NBA,All-Defense,1st,Jason Kidd,,17461.0,,,PHO,27
2001,NBA,All-Defense,1st,Kevin Garnett,,17505.0,,,MIN,24
2001,NBA,All-Defense,1st,Tim Duncan,,17693.0,,,SAS,24
2001,NBA,All-Defense,2nd,Bruce Bowen,,17269.0,,,MIA,29
2001,NBA,All-Defense,2nd,Doug Christie,,17372.0,,,SAC,30
2001,NBA,All-Defense,2nd,Kobe Bryant,,17514.0,,,LAL,22
2001,NBA,All-Defense,2nd,P.J. Brown,,17600.0,,,CHH,31
2001,NBA,All-Defense,2nd,Shaquille O'Neal,,17668.0,,,LAL,28
2001,NBA,All-NBA,1st,Allen Iverson,G,17220.0,,,PHI,25
2001,NBA,All-NBA,1st,Chris Webber,F,17304.0,,,SAC,27
2001,NBA,All-NBA,1st,Jason Kidd,G,17461.0,,,PHO,27
2001,NBA,All-NBA,1st,Shaquille O'Neal,C,17668.0,,,LAL,28
2001,NBA,All-NBA,1st,Tim Duncan,F,17693.0,,,SAS,24
2001,NBA,All-NBA,2nd,Dikembe Mutombo,C,17363.0,,,TOT,34
2001,NBA,All-NBA,2nd,Kevin Garnett,F,17505.0,,,MIN,24
2001,NBA,All-NBA,2nd,Kobe Bryant,G,17514.0,,,LAL,22
2001,NBA,All-NBA,2nd,Tracy McGrady,G,17709.0,,,ORL,21
2001,NBA,All-NBA,2nd,Vince Carter,F,17728.0,,,TOR,24
2001,NBA,All-NBA,3rd,David Robinson,C,17345.0,,,SAS,35
2001,NBA,All-NBA,3rd,Dirk Nowitzki,F,17367.0,,,DAL,22
2001,NBA,All-NBA,3rd,Gary Payton,G,17416.0,,,SEA,32
2001,NBA,All-NBA,3rd,Karl Malone,F,17494.0,,,UTA,37
2001,NBA,All-NBA,3rd,Ray Allen,G,17623.0,,,MIL,25
2001,NBA,All-Rookie,1st,Darius Miles,,17340.0,,,LAC,19
2001,NBA,All-Rookie,1st,Kenyon Martin,,17500.0,,,NJN,23
2001,NBA,All-Rookie,1st,Marc Jackson,,17543.0,,,GSW,26
2001,NBA,All-Rookie,1st,Mike Miller,,17575.0,,,ORL,20
2001,NBA,All-Rookie,1st,Morris Peterson,,17584.0,,,TOR,23
2001,NBA,All-Rookie,2nd,Chris Mihm,,17300.0,,,CLE,21
2001,NBA,All-Rookie,2nd,Courtney Alexander,,17324.0,,,TOT,23
2001,NBA,All-Rookie,2nd,Desmond Mason,,17360.0,,,SEA,23
2001,NBA,All-Rookie,2nd,Hedo Türkoğlu,,17431.0,,,SAC,21
2001,NBA,All-Rookie,2nd,Marcus Fizer,,17545.0,,,CHI,22
2000,NBA,All-Defense,1st,Alonzo Mourning,,16726.0,,,MIA,29
2000,NBA,All-Defense,1st,Gary Payton,,16910.0,,,SEA,31
2000,NBA,All-Defense,1st,Kevin Garnett,,16994.0,,,MIN,23
2000,NBA,All-Defense,1st,Kobe Bryant,,17000.0,,,LAL,21
2000,NBA,All-Defense,1st,Tim Duncan,,17164.0,,,SAS,23
2000,NBA,All-Defense,2nd,Clifford Robinson,,16823.0,,,PHO,33
2000,NBA,All-Defense,2nd,Eddie Jones,,16886.0,,,CHH,28
2000,NBA,All-Defense,2nd,Jason Kidd,,16948.0,,,PHO,26
2000,NBA,All-Defense,2nd,Scottie Pippen,,17136.0,,,POR,34
2000,NBA,All-Defense,2nd,Shaquille O'Neal,,17142.0,,,LAL,27
2000,NBA,All-NBA,1st,Gary Payton,G,16910.0,,,SEA,31
2000,NBA,All-NBA,1st,Jason Kidd,G,16948.0,,,PHO,26
2000,NBA,All-NBA,1st,Kevin Garnett,F,16994.0,,,MIN,23
2000,NBA,All-NBA,1st,Shaquille O'Neal,C,17142.0,,,LAL,27
2000,NBA,All-NBA,1st,Tim Duncan,F,17164.0,,,SAS,23
2000,NBA,All-NBA,2nd,Allen Iverson,G,16725.0,,,PHI,24
2000,NBA,All-NBA,2nd,Alonzo Mourning,C,16726.0,,,MIA,29
2000,NBA,All-NBA,2nd,Grant Hill,F,16918.0,,,DET,27
2000,NBA,All-NBA,2nd,Karl Malone,F,16985.0,,,UTA,36
2000,NBA,All-NBA,2nd,Kobe Bryant,G,17000.0,,,LAL,21
2000,NBA,All-NBA,3rd,Chris Webber,F,16814.0,,,SAC,26
2000,NBA,All-NBA,3rd,David Robinson,C,16846.0,,,SAS,34
2000,NBA,All-NBA,3rd,Eddie Jones,G,16886.0,,,CHH,28
2000,NBA,All-NBA,3rd,Stephon Marbury,G,17150.0,,,NJN,22
2000,NBA,All-NBA,3rd,Vince Carter,F,17195.0,,,TOR,23
2000,NBA,All-Rookie,1st,Andre Miller,,16729.0,,,CLE,23
2000,NBA,All-Rookie,1st,Elton Brand,,16891.0,,,CHI,20
2000,NBA,All-Rookie,1st,Lamar Odom,,17005.0,,,LAC,20
2000,NBA,All-Rookie,1st,Steve Francis,,17151.0,,,HOU,22
2000,NBA,All-Rookie,1st,Wally Szczerbiak,,17202.0,,,MIN,22
2000,NBA,All-Rookie,2nd,Chucky Atkins,,16818.0,,,ORL,25
2000,NBA,All-Rookie,2nd,James Posey,,16944.0,,,DEN,23
2000,NBA,All-Rookie,2nd,Jason Terry,,16950.0,,,ATL,22
2000,NBA,All-Rookie,2nd,Metta World Peace,,17045.0,,,CHI,20
2000,NBA,All-Rookie,2nd,Shawn Marion,,17146.0,,,PHO,21
1999,NBA,All-Defense,1st,Alonzo Mourning,,16217.0,,,MIA,28
1999,NBA,All-Defense,1st,Gary Payton,,16406.0,,,SEA,30
1999,NBA,All-Defense,1st,Jason Kidd,,16451.0,,,PHO,25
1999,NBA,All-Defense,1st,Karl Malone,,16488.0,,,UTA,35
1999,NBA,All-Defense,1st,Scottie Pippen,,16632.0,,,HOU,33
1999,NBA,All-Defense,1st,Tim Duncan,,16667.0,,,SAS,22
1999,NBA,All-Defense,2nd,Dikembe Mutombo,,16360.0,,,ATL,32
1999,NBA,All-Defense,2nd,Eddie Jones,,16381.0,,,TOT,27
1999,NBA,All-Defense,2nd,Mookie Blaylock,,16562.0,,,ATL,31
1999,NBA,All-Defense,2nd,P.J. Brown,,16572.0,,,MIA,29
1999,NBA,All-Defense,2nd,Theo Ratliff,,16665.0,,,PHI,25
1999,NBA,All-NBA,1st,Allen Iverson,G,16216.0,,,PHI,23
1999,NBA,All-NBA,1st,Alonzo Mourning,C,16217.0,,,MIA,28
1999,NBA,All-NBA,1st,Jason Kidd,G,16451.0,,,PHO,25
1999,NBA,All-NBA,1st,Karl Malone,F,16488.0,,,UTA,35
1999,NBA,All-NBA,1st,Tim Duncan,F,16667.0,,,SAS,22
1999,NBA,All-NBA,2nd,Chris Webber,F,16308.0,,,SAC,25
1999,NBA,All-NBA,2nd,Gary Payton,G,16406.0,,,SEA,30
1999,NBA,All-NBA,2nd,Grant Hill,F,16416.0,,,DET,26
1999,NBA,All-NBA,2nd,Shaquille O'Neal,C,16638.0,,,LAL,26
1999,NBA,All-NBA,2nd,Tim Hardaway,G,16668.0,,,MIA,32
1999,NBA,All-NBA,3rd,Antonio McDyess,F,16238.0,,,DEN,24
1999,NBA,All-NBA,3rd,Hakeem Olajuwon,C,16422.0,,,HOU,36
1999,NBA,All-NBA,3rd,John Stockton,G,16479.0,,,UTA,36
1999,NBA,All-NBA,3rd,Kevin Garnett,F,16499.0,,,MIN,22
1999,NBA,All-NBA,3rd,Kobe Bryant,G,16505.0,,,LAL,20
1999,NBA,All-Rookie,1st,Jason Williams,,16453.0,,,SAC,23
1999,NBA,All-Rookie,1st,Matt Harpring,,16543.0,,,ORL,22
1999,NBA,All-Rookie,1st,Mike Bibby,,16555.0,,,VAN,20
1999,NBA,All-Rookie,1st,Paul Pierce,,16578.0,,,BOS,21
1999,NBA,All-Rookie,1st,Vince Carter,,16697.0,,,TOR,22
1999,NBA,All-Rookie,2nd,Antawn Jamison,,16227.0,,,GSW,22
1999,NBA,All-Rookie,2nd,Cuttino Mobley,,16325.0,,,HOU,23
1999,NBA,All-Rookie,2nd,Michael Dickerson,,16547.0,,,HOU,23
1999,NBA,All-Rookie,2nd,Michael Doleac,,16548.0,,,ORL,21
1999,NBA,All-Rookie,2nd,Michael Olowokandi,,16551.0,,,LAC,23
1998,NBA,All-Defense,1st,Dikembe Mutombo,,15842.0,,,ATL,31
1998,NBA,All-Defense,1st,Gary Payton,,15884.0,,,SEA,29
1998,NBA,All-Defense,1st,Karl Malone,,15974.0,,,UTA,34
1998,NBA,All-Defense,1st,Michael Jordan,,16041.0,,,CHI,34
1998,NBA,All-Defense,1st,Scottie Pippen,,16113.0,,,CHI,32
1998,NBA,All-Defense,2nd,Charles Oakley,,15758.0,,,NYK,34
1998,NBA,All-Defense,2nd,David Robinson,,15814.0,,,SAS,32
1998,NBA,All-Defense,2nd,Eddie Jones,,15861.0,,,LAL,26
1998,NBA,All-Defense,2nd,Mookie Blaylock,,16051.0,,,ATL,30
1998,NBA,All-Defense,2nd,Tim Duncan,,16152.0,,,SAS,21
1998,NBA,All-NBA,1st,Gary Payton,G,15884.0,,,SEA,29
1998,NBA,All-NBA,1st,Karl Malone,F,15974.0,,,UTA,34
1998,NBA,All-NBA,1st,Michael Jordan,G,16041.0,,,CHI,34
1998,NBA,All-NBA,1st,Shaquille O'Neal,C,16118.0,,,LAL,25
1998,NBA,All-NBA,1st,Tim Duncan,F,16152.0,,,SAS,21
1998,NBA,All-NBA,2nd,David Robinson,C,15814.0,,,SAS,32
1998,NBA,All-NBA,2nd,Grant Hill,F,15898.0,,,DET,25
1998,NBA,All-NBA,2nd,Rod Strickland,G,16092.0,,,WAS,31
1998,NBA,All-NBA,2nd,Tim Hardaway,G,16153.0,,,MIA,31
1998,NBA,All-NBA,2nd,Vin Baker,F,16185.0,,,SEA,26
1998,NBA,All-NBA,3rd,Dikembe Mutombo,C,15842.0,,,ATL,31
1998,NBA,All-NBA,3rd,Glen Rice,F,15895.0,,,CHH,30
1998,NBA,All-NBA,3rd,Mitch Richmond,G,16048.0,,,SAC,32
1998,NBA,All-NBA,3rd,Reggie Miller,G,16079.0,,,IND,32
1998,NBA,All-NBA,3rd,Scottie Pippen,F,16113.0,,,CHI,32
1998,NBA,All-Rookie,1st,Brevin Knight,,15724.0,,,CLE,22
1998,NBA,All-Rookie,1st,Keith Van Horn,,15979.0,,,NJN,22
1998,NBA,All-Rookie,1st,Ron Mercer,,16096.0,,,BOS,21
1998,NBA,All-Rookie,1st,Tim Duncan,,16152.0,,,SAS,21
1998,NBA,All-Rookie,1st,Zydrunas Ilgauskas,,16206.0,,,CLE,22
1998,NBA,All-Rookie,2nd,Bobby Jackson,,15716.0,,,DEN,24
1998,NBA,All-Rookie,2nd,Cedric Henderson,,15754.0,,1975.0,CLE,22
1998,NBA,All-Rookie,2nd,Derek Anderson,,15831.0,,,CLE,23
1998,NBA,All-Rookie,2nd,Maurice Taylor,,16037.0,,,LAC,21
1998,NBA,All-Rookie,2nd,Tim Thomas,,16158.0,,,PHI,20
1997,NBA,All-Defense,1st,Dikembe Mutombo,,15239.0,,,ATL,30
1997,NBA,All-Defense,1st,Gary Payton,,15300.0,,,SEA,28
1997,NBA,All-Defense,1st,Karl Malone,,15398.0,,,UTA,33
1997,NBA,All-Defense,1st,Michael Jordan,,15484.0,,,CHI,33
1997,NBA,All-Defense,1st,Scottie Pippen,,15576.0,,,CHI,31
1997,NBA,All-Defense,2nd,Anthony Mason,,15115.0,,,CHH,30
1997,NBA,All-Defense,2nd,Hakeem Olajuwon,,15325.0,,,HOU,34
1997,NBA,All-Defense,2nd,John Stockton,,15392.0,,,UTA,34
1997,NBA,All-Defense,2nd,Mookie Blaylock,,15491.0,,,ATL,29
1997,NBA,All-Defense,2nd,P.J. Brown,,15503.0,,,MIA,27
1997,NBA,All-NBA,1st,Grant Hill,F,15316.0,,,DET,24
1997,NBA,All-NBA,1st,Hakeem Olajuwon,C,15325.0,,,HOU,34
1997,NBA,All-NBA,1st,Karl Malone,F,15398.0,,,UTA,33
1997,NBA,All-NBA,1st,Michael Jordan,G,15484.0,,,CHI,33
1997,NBA,All-NBA,1st,Tim Hardaway,G,15618.0,,,MIA,30
1997,NBA,All-NBA,2nd,Gary Payton,G,15300.0,,,SEA,28
1997,NBA,All-NBA,2nd,Glen Rice,F,15314.0,,,CHH,29
1997,NBA,All-NBA,2nd,Mitch Richmond,G,15487.0,,,SAC,31
1997,NBA,All-NBA,2nd,Patrick Ewing,C,15504.0,,1962.0,NYK,34
1997,NBA,All-NBA,2nd,Scottie Pippen,F,15576.0,,,CHI,31
1997,NBA,All-NBA,3rd,Anfernee Hardaway,G,15111.0,,,ORL,25
1997,NBA,All-NBA,3rd,Anthony Mason,F,15115.0,,,CHH,30
1997,NBA,All-NBA,3rd,John Stockton,G,15392.0,,,UTA,34
1997,NBA,All-NBA,3rd,Shaquille O'Neal,C,15582.0,,,LAL,24
1997,NBA,All-NBA,3rd,Vin Baker,F,15641.0,,,MIL,25
1997,NBA,All-Rookie,1st,Allen Iverson,,15105.0,,,PHI,21
1997,NBA,All-Rookie,1st,Antoine Walker,,15119.0,,,BOS,20
1997,NBA,All-Rookie,1st,Marcus Camby,,15451.0,,,TOR,22
1997,NBA,All-Rookie,1st,Shareef Abdur-Rahim,,15583.0,,,VAN,20
1997,NBA,All-Rookie,1st,Stephon Marbury,,15604.0,,,MIN,19
1997,NBA,All-Rookie,2nd,Kerry Kittles,,15408.0,,,NJN,22
1997,NBA,All-Rookie,2nd,Kobe Bryant,,15419.0,,,LAL,18
1997,NBA,All-Rookie,2nd,Matt Maloney,,15473.0,,,HOU,25
1997,NBA,All-Rookie,2nd,Ray Allen,,15517.0,,,MIL,21
1997,NBA,All-Rookie,2nd,Travis Knight,,15636.0,,,LAL,22
1996,NBA,All-Defense,1st,David Robinson,,14671.0,,,SAS,30
1996,NBA,All-Defense,1st,Dennis Rodman,,14682.0,,,CHI,34
1996,NBA,All-Defense,1st,Gary Payton,,14747.0,,,SEA,27
1996,NBA,All-Defense,1st,Michael Jordan,,14913.0,,,CHI,32
1996,NBA,All-Defense,1st,Scottie Pippen,,14990.0,,,CHI,30
1996,NBA,All-Defense,2nd,Bobby Phills,,14597.0,,,CLE,26
1996,NBA,All-Defense,2nd,Derrick McKey,,14688.0,,,IND,29
1996,NBA,All-Defense,2nd,Hakeem Olajuwon,,14779.0,,,HOU,33
1996,NBA,All-Defense,2nd,Horace Grant,,14788.0,,,ORL,30
1996,NBA,All-Defense,2nd,Mookie Blaylock,,14925.0,,,ATL,28
1996,NBA,All-NBA,1st,Anfernee Hardaway,G,14559.0,,,ORL,24
1996,NBA,All-NBA,1st,David Robinson,C,14671.0,,,SAS,30
1996,NBA,All-NBA,1st,Karl Malone,F,14841.0,,,UTA,32
1996,NBA,All-NBA,1st,Michael Jordan,G,14913.0,,,CHI,32
1996,NBA,All-NBA,1st,Scottie Pippen,F,14990.0,,,CHI,30
1996,NBA,All-NBA,2nd,Gary Payton,G,14747.0,,,SEA,27
1996,NBA,All-NBA,2nd,Grant Hill,F,14762.0,,,DET,23
1996,NBA,All-NBA,2nd,Hakeem Olajuwon,C,14779.0,,,HOU,33
1996,NBA,All-NBA,2nd,John Stockton,G,14834.0,,,UTA,33
1996,NBA,All-NBA,2nd,Shawn Kemp,F,15004.0,,,SEA,26
1996,NBA,All-NBA,3rd,Charles Barkley,F,14617.0,,,PHO,32
1996,NBA,All-NBA,3rd,Juwan Howard,F,14840.0,,,WSB,22
1996,NBA,All-NBA,3rd,Mitch Richmond,G,14920.0,,,SAC,30
1996,NBA,All-NBA,3rd,Reggie Miller,G,14950.0,,,IND,30
1996,NBA,All-NBA,3rd,Shaquille O'Neal,C,14997.0,,,ORL,23
1996,NBA,All-Rookie,1st,Antonio McDyess,,14574.0,,,DEN,21
1996,NBA,All-Rookie,1st,Arvydas Sabonis,,14576.0,,,POR,31
1996,NBA,All-Rookie,1st,Damon Stoudamire,,14657.0,,,TOR,22
1996,NBA,All-Rookie,1st,Jerry Stackhouse,,14816.0,,,PHI,21
1996,NBA,All-Rookie,1st,Joe Smith,,14823.0,,,GSW,20
1996,NBA,All-Rookie,1st,Michael Finley,,14912.0,,,PHO,22
1996,NBA,All-Rookie,2nd,Brent Barry,,14601.0,,,LAC,24
1996,NBA,All-Rookie,2nd,Bryant Reeves,,14606.0,,,VAN,22
1996,NBA,All-Rookie,2nd,Kevin Garnett,,14858.0,,,MIN,19
1996,NBA,All-Rookie,2nd,Rasheed Wallace,,14947.0,,,WSB,21
1996,NBA,All-Rookie,2nd,Tyus Edney,,15066.0,,,SAC,22
1995,NBA,All-Defense,1st,David Robinson,,14193.0,,,SAS,29
1995,NBA,All-Defense,1st,Dennis Rodman,,14199.0,,,SAS,33
1995,NBA,All-Defense,1st,Gary Payton,,14251.0,,,SEA,26
1995,NBA,All-Defense,1st,Mookie Blaylock,,14401.0,,,ATL,27
1995,NBA,All-Defense,1st,Scottie Pippen,,14463.0,,,CHI,29
1995,NBA,All-Defense,2nd,Derrick McKey,,14205.0,,,IND,28
1995,NBA,All-Defense,2nd,Dikembe Mutombo,,14209.0,,,DEN,28
1995,NBA,All-Defense,2nd,Horace Grant,,14284.0,,,ORL,29
1995,NBA,All-Defense,2nd,John Stockton,,14326.0,,,UTA,32
1995,NBA,All-Defense,2nd,Nate McMillan,,14407.0,,,SEA,30
1995,NBA,All-NBA,1st,Anfernee Hardaway,G,14105.0,,,ORL,23
1995,NBA,All-NBA,1st,David Robinson,C,14193.0,,,SAS,29
1995,NBA,All-NBA,1st,John Stockton,G,14326.0,,,UTA,32
1995,NBA,All-NBA,1st,Karl Malone,F,14335.0,,,UTA,31
1995,NBA,All-NBA,1st,Scottie Pippen,F,14463.0,,,CHI,29
1995,NBA,All-NBA,2nd,Charles Barkley,F,14150.0,,,PHO,31
1995,NBA,All-NBA,2nd,Gary Payton,G,14251.0,,,SEA,26
1995,NBA,All-NBA,2nd,Mitch Richmond,G,14398.0,,,SAC,29
1995,NBA,All-NBA,2nd,Shaquille O'Neal,C,14469.0,,,ORL,22
1995,NBA,All-NBA,2nd,Shawn Kemp,F,14472.0,,,SEA,25
1995,NBA,All-NBA,3rd,Clyde Drexler,G,14172.0,,,TOT,32
1995,NBA,All-NBA,3rd,Dennis Rodman,F,14199.0,,,SAS,33
1995,NBA,All-NBA,3rd,Detlef Schrempf,F,14207.0,,,SEA,32
1995,NBA,All-NBA,3rd,Hakeem Olajuwon,C,14276.0,,,HOU,32
1995,NBA,All-NBA,3rd,Reggie Miller,G,14430.0,,,IND,29
1995,NBA,All-Rookie,1st,Brian Grant,,14137.0,,,SAC,22
1995,NBA,All-Rookie,1st,Eddie Jones,,14233.0,,,LAL,23
1995,NBA,All-Rookie,1st,Glenn Robinson,,14258.0,,,MIL,22
1995,NBA,All-Rookie,1st,Grant Hill,,14259.0,,,DET,22
1995,NBA,All-Rookie,1st,Jason Kidd,,14304.0,,,DAL,21
1995,NBA,All-Rookie,2nd,Donyell Marshall,,14219.0,,,TOT,21
1995,NBA,All-Rookie,2nd,Eric Montross,,14242.0,,,BOS,23
1995,NBA,All-Rookie,2nd,Jalen Rose,,14294.0,,,DEN,22
1995,NBA,All-Rookie,2nd,Juwan Howard,,14334.0,,,WSB,21
1995,NBA,All-Rookie,2nd,Sharone Wright,,14470.0,,,PHI,22
1995,NBA,All-Rookie,2nd,Wesley Person,,14533.0,,,PHO,23
1994,NBA,All-Defense,1st,Charles Oakley,,13671.0,,,NYK,30
1994,NBA,All-Defense,1st,Gary Payton,,13774.0,,,SEA,25
1994,NBA,All-Defense,1st,Hakeem Olajuwon,,13792.0,,,HOU,31
1994,NBA,All-Defense,1st,Mookie Blaylock,,13937.0,,,ATL,26
1994,NBA,All-Defense,1st,Scottie Pippen,,14007.0,,,CHI,28
1994,NBA,All-Defense,2nd,David Robinson,,13717.0,,,SAS,28
1994,NBA,All-Defense,2nd,Dennis Rodman,,13724.0,,,SAS,32
1994,NBA,All-Defense,2nd,Horace Grant,,13800.0,,,CHI,28
1994,NBA,All-Defense,2nd,Latrell Sprewell,,13881.0,,,GSW,23
1994,NBA,All-Defense,2nd,Nate McMillan,,13943.0,,,SEA,29
1994,NBA,All-NBA,1st,Hakeem Olajuwon,C,13792.0,,,HOU,31
1994,NBA,All-NBA,1st,John Stockton,G,13842.0,,,UTA,31
1994,NBA,All-NBA,1st,Karl Malone,F,13852.0,,,UTA,30
1994,NBA,All-NBA,1st,Latrell Sprewell,G,13881.0,,,GSW,23
1994,NBA,All-NBA,1st,Scottie Pippen,F,14007.0,,,CHI,28
1994,NBA,All-NBA,2nd,Charles Barkley,F,13669.0,,,PHO,30
1994,NBA,All-NBA,2nd,David Robinson,C,13717.0,,,SAS,28
1994,NBA,All-NBA,2nd,Kevin Johnson,G,13867.0,,,PHO,27
1994,NBA,All-NBA,2nd,Mitch Richmond,G,13935.0,,,SAC,28
1994,NBA,All-NBA,2nd,Shawn Kemp,F,14017.0,,,SEA,24
1994,NBA,All-NBA,3rd,Derrick Coleman,F,13730.0,,,NJN,26
1994,NBA,All-NBA,3rd,Dominique Wilkins,F,13736.0,,,TOT,34
1994,NBA,All-NBA,3rd,Gary Payton,G,13774.0,,,SEA,25
1994,NBA,All-NBA,3rd,Mark Price,G,13916.0,,,CLE,29
1994,NBA,All-NBA,3rd,Shaquille O'Neal,C,14015.0,,,ORL,21
1994,NBA,All-Rookie,1st,Anfernee Hardaway,,13624.0,,,ORL,22
1994,NBA,All-Rookie,1st,Chris Webber,,13682.0,,,GSW,20
1994,NBA,All-Rookie,1st,Isaiah Rider,,13804.0,,,MIN,22
1994,NBA,All-Rookie,1st,Jamal Mashburn,,13808.0,,,DAL,21
1994,NBA,All-Rookie,1st,Vin Baker,,14077.0,,,MIL,22
1994,NBA,All-Rookie,2nd,Dino Radja,,13734.0,,,BOS,26
1994,NBA,All-Rookie,2nd,Lindsey Hunter,,13885.0,,,DET,23
1994,NBA,All-Rookie,2nd,Nick Van Exel,,13948.0,,,LAL,22
1994,NBA,All-Rookie,2nd,Shawn Bradley,,14016.0,,,PHI,21
1994,NBA,All-Rookie,2nd,Toni Kukoč,,14059.0,,,CHI,25
1993,NBA,All-Defense,1st,Dennis Rodman,,13268.0,,,DET,31
1993,NBA,All-Defense,1st,Hakeem Olajuwon,,13326.0,,,HOU,30
1993,NBA,All-Defense,1st,Joe Dumars,,13366.0,,,DET,29
1993,NBA,All-Defense,1st,Michael Jordan,,13459.0,,,CHI,29
1993,NBA,All-Defense,1st,Scottie Pippen,,13529.0,,,CHI,27
1993,NBA,All-Defense,2nd,Dan Majerle,,13246.0,,,PHO,27
1993,NBA,All-Defense,2nd,David Robinson,,13262.0,,,SAS,27
1993,NBA,All-Defense,2nd,Horace Grant,,13334.0,,,CHI,27
1993,NBA,All-Defense,2nd,John Starks,,13376.0,,,NYK,27
1993,NBA,All-Defense,2nd,Larry Nance,,13414.0,,,CLE,33
1993,NBA,All-NBA,1st,Charles Barkley,F,13223.0,,,PHO,29
1993,NBA,All-NBA,1st,Hakeem Olajuwon,C,13326.0,,,HOU,30
1993,NBA,All-NBA,1st,Karl Malone,F,13384.0,,,UTA,29
1993,NBA,All-NBA,1st,Mark Price,G,13445.0,,,CLE,28
1993,NBA,All-NBA,1st,Michael Jordan,G,13459.0,,,CHI,29
1993,NBA,All-NBA,2nd,Dominique Wilkins,F,13278.0,,,ATL,33
1993,NBA,All-NBA,2nd,Joe Dumars,G,13366.0,,,DET,29
1993,NBA,All-NBA,2nd,John Stockton,G,13377.0,,,UTA,30
1993,NBA,All-NBA,2nd,Larry Johnson,F,13412.0,,1969.0,CHH,23
1993,NBA,All-NBA,2nd,Patrick Ewing,C,13482.0,,1962.0,NYK,30
1993,NBA,All-NBA,3rd,David Robinson,C,13262.0,,,SAS,27
1993,NBA,All-NBA,3rd,Derrick Coleman,F,13272.0,,,NJN,25
1993,NBA,All-NBA,3rd,Dražen Petrović,G,13287.0,,,NJN,28
1993,NBA,All-NBA,3rd,Scottie Pippen,F,13529.0,,,CHI,27
1993,NBA,All-NBA,3rd,Tim Hardaway,G,13566.0,,,GSW,26
1993,NBA,All-Rookie,1st,Alonzo Mourning,,13174.0,,,CHH,22
1993,NBA,All-Rookie,1st,Christian Laettner,,13236.0,,,MIN,23
1993,NBA,All-Rookie,1st,LaPhonso Ellis,,13411.0,,,DEN,22
1993,NBA,All-Rookie,1st,Shaquille O'Neal,,13535.0,,,ORL,20
1993,NBA,All-Rookie,1st,Tom Gugliotta,,13575.0,,,WSB,23
1993,NBA,All-Rookie,2nd,Clarence Weatherspoon,,13239.0,,,PHI,22
1993,NBA,All-Rookie,2nd,Latrell Sprewell,,13419.0,,,GSW,22
1993,NBA,All-Rookie,2nd,Richard Dumas,,13500.0,,,PHO,23
1993,NBA,All-Rookie,2nd,Robert Horry,,13506.0,,,HOU,22
1993,NBA,All-Rookie,2nd,Walt Williams,,13598.0,,,SAC,22
1992,NBA,All-Defense,1st,David Robinson,,12802.0,,,SAS,26
1992,NBA,All-Defense,1st,Dennis Rodman,,12811.0,,,DET,30
1992,NBA,All-Defense,1st,Joe Dumars,,12900.0,,,DET,28
1992,NBA,All-Defense,1st,Michael Jordan,,12990.0,,,CHI,28
1992,NBA,All-Defense,1st,Scottie Pippen,,13066.0,,,CHI,26
1992,NBA,All-Defense,2nd,Buck Williams,,12753.0,,,POR,31
1992,NBA,All-Defense,2nd,John Stockton,,12911.0,,,UTA,29
1992,NBA,All-Defense,2nd,Larry Nance,,12955.0,,,CLE,32
1992,NBA,All-Defense,2nd,Micheal Williams,,12991.0,,,IND,25
1992,NBA,All-Defense,2nd,Patrick Ewing,,13018.0,,1962.0,NYK,29
1992,NBA,All-NBA,1st,Chris Mullin,F,12770.0,,,GSW,28
1992,NBA,All-NBA,1st,Clyde Drexler,G,12779.0,,,POR,29
1992,NBA,All-NBA,1st,David Robinson,C,12802.0,,,SAS,26
1992,NBA,All-NBA,1st,Karl Malone,F,12921.0,,,UTA,28
1992,NBA,All-NBA,1st,Michael Jordan,G,12990.0,,,CHI,28
1992,NBA,All-NBA,2nd,Charles Barkley,F,12760.0,,,PHI,28
1992,NBA,All-NBA,2nd,John Stockton,G,12911.0,,,UTA,29
1992,NBA,All-NBA,2nd,Patrick Ewing,C,13018.0,,1962.0,NYK,29
1992,NBA,All-NBA,2nd,Scottie Pippen,F,13066.0,,,CHI,26
1992,NBA,All-NBA,2nd,Tim Hardaway,G,13110.0,,,GSW,25
1992,NBA,All-NBA,3rd,Brad Daugherty,C,12740.0,,,CLE,26
1992,NBA,All-NBA,3rd,Dennis Rodman,F,12811.0,,,DET,30
1992,NBA,All-NBA,3rd,Kevin Johnson,G,12941.0,,,PHO,25
1992,NBA,All-NBA,3rd,Kevin Willis,F,12945.0,,,ATL,29
1992,NBA,All-NBA,3rd,Mark Price,G,12977.0,,,CLE,27
1992,NBA,All-Rookie,1st,Billy Owens,,12727.0,,,GSW,22
1992,NBA,All-Rookie,1st,Dikembe Mutombo,,12818.0,,,DEN,25
1992,NBA,All-Rookie,1st,Larry Johnson,,12953.0,,1969.0,CHH,22
1992,NBA,All-Rookie,1st,Stacey Augmon,,13080.0,,,ATL,23
1992,NBA,All-Rookie,1st,Steve Smith,,13093.0,,,MIA,22
1992,NBA,All-Rookie,2nd,Larry Stewart,,12958.0,,,WSB,23
1992,NBA,All-Rookie,2nd,Mark Macon,,12976.0,,,DEN,22
1992,NBA,All-Rookie,2nd,Rick Fox,,13038.0,,,BOS,22
1992,NBA,All-Rookie,2nd,Stanley Roberts,,13082.0,,,ORL,21
1992,NBA,All-Rookie,2nd,Terrell Brandon,,13097.0,,,CLE,21
1991,NBA,All-Defense,1st,Alvin Robertson,,12270.0,,,MIL,28
1991,NBA,All-Defense,1st,Buck Williams,,12308.0,,,POR,30
1991,NBA,All-Defense,1st,David Robinson,,12359.0,,,SAS,25
1991,NBA,All-Defense,1st,Dennis Rodman,,12366.0,,,DET,29
1991,NBA,All-Defense,1st,Michael Jordan,,12543.0,,,CHI,27
1991,NBA,All-Defense,2nd,Dan Majerle,,12340.0,,,PHO,25
1991,NBA,All-Defense,2nd,Hakeem Olajuwon,,12420.0,,,HOU,28
1991,NBA,All-Defense,2nd,Joe Dumars,,12462.0,,,DET,27
1991,NBA,All-Defense,2nd,John Stockton,,12472.0,,,UTA,28
1991,NBA,All-Defense,2nd,Scottie Pippen,,12627.0,,,CHI,25
1991,NBA,All-NBA,1st,Charles Barkley,F,12316.0,,,PHI,27
1991,NBA,All-NBA,1st,David Robinson,C,12359.0,,,SAS,25
1991,NBA,All-NBA,1st,Karl Malone,F,12479.0,,,UTA,27
1991,NBA,All-NBA,1st,Magic Johnson,G,12522.0,,,LAL,31
1991,NBA,All-NBA,1st,Michael Jordan,G,12543.0,,,CHI,27
1991,NBA,All-NBA,2nd,Chris Mullin,F,12323.0,,,GSW,27
1991,NBA,All-NBA,2nd,Clyde Drexler,G,12331.0,,,POR,28
1991,NBA,All-NBA,2nd,Dominique Wilkins,F,12376.0,,,ATL,31
1991,NBA,All-NBA,2nd,Kevin Johnson,G,12498.0,,,PHO,24
1991,NBA,All-NBA,2nd,Patrick Ewing,C,12576.0,,1962.0,NYK,28
1991,NBA,All-NBA,3rd,Bernard King,F,12290.0,,,WSB,34
1991,NBA,All-NBA,3rd,Hakeem Olajuwon,C,12420.0,,,HOU,28
1991,NBA,All-NBA,3rd,James Worthy,F,12440.0,,,LAL,29
1991,NBA,All-NBA,3rd,Joe Dumars,G,12462.0,,,DET,27
1991,NBA,All-NBA,3rd,John Stockton,G,12472.0,,,UTA,28
1991,NBA,All-Rookie,1st,Dee Brown,,12362.0,,1968.0,BOS,22
1991,NBA,All-Rookie,1st,Dennis Scott,,12367.0,,,ORL,22
1991,NBA,All-Rookie,1st,Derrick Coleman,,12371.0,,,NJN,23
1991,NBA,All-Rookie,1st,Kendall Gill,,12485.0,,,CHH,22
1991,NBA,All-Rookie,1st,Lionel Simmons,,12520.0,,,SAC,22
1991,NBA,All-Rookie,2nd,Felton Spencer,,12397.0,,,MIN,23
1991,NBA,All-Rookie,2nd,Gary Payton,,12403.0,,,SEA,22
1991,NBA,All-Rookie,2nd,Mahmoud Abdul-Rauf,,12523.0,,,DEN,21
1991,NBA,All-Rookie,2nd,Travis Mays,,12675.0,,,SAC,22
1991,NBA,All-Rookie,2nd,Willie Burton,,12695.0,,,MIA,22
1990,NBA,All-Defense,1st,Buck Williams,,11848.0,,,POR,29
1990,NBA,All-Defense,1st,Dennis Rodman,,11899.0,,,DET,28
1990,NBA,All-Defense,1st,Hakeem Olajuwon,,11945.0,,,HOU,27
1990,NBA,All-Defense,1st,Joe Dumars,,11996.0,,,DET,26
1990,NBA,All-Defense,1st,Michael Jordan,,12079.0,,,CHI,26
1990,NBA,All-Defense,2nd,Alvin Robertson,,11808.0,,,MIL,27
1990,NBA,All-Defense,2nd,David Robinson,,11893.0,,,SAS,24
1990,NBA,All-Defense,2nd,Derek Harper,,11900.0,,,DAL,28
1990,NBA,All-Defense,2nd,Kevin McHale,,12034.0,,,BOS,32
1990,NBA,All-Defense,2nd,Rick Mahorn,,12150.0,,,PHI,31
1990,NBA,All-NBA,1st,Charles Barkley,F,11855.0,,,PHI,26
1990,NBA,All-NBA,1st,Karl Malone,F,12015.0,,,UTA,26
1990,NBA,All-NBA,1st,Magic Johnson,G,12055.0,,,LAL,30
1990,NBA,All-NBA,1st,Michael Jordan,G,12079.0,,,CHI,26
1990,NBA,All-NBA,1st,Patrick Ewing,C,12116.0,,1962.0,NYK,27
1990,NBA,All-NBA,2nd,Hakeem Olajuwon,C,11945.0,,,HOU,27
1990,NBA,All-NBA,2nd,John Stockton,G,12007.0,,,UTA,27
1990,NBA,All-NBA,2nd,Kevin Johnson,G,12033.0,,,PHO,23
1990,NBA,All-NBA,2nd,Larry Bird,F,12042.0,,,BOS,33
1990,NBA,All-NBA,2nd,Tom Chambers,F,12227.0,,,PHO,30
1990,NBA,All-NBA,3rd,Chris Mullin,F,11866.0,,,GSW,26
1990,NBA,All-NBA,3rd,Clyde Drexler,G,11876.0,,,POR,27
1990,NBA,All-NBA,3rd,David Robinson,C,11893.0,,,SAS,24
1990,NBA,All-NBA,3rd,James Worthy,F,11962.0,,,LAL,28
1990,NBA,All-NBA,3rd,Joe Dumars,G,11996.0,,,DET,26
1990,NBA,All-Rookie,1st,David Robinson,,11893.0,,,SAS,24
1990,NBA,All-Rookie,1st,Pooh Richardson,,12123.0,,,MIN,23
1990,NBA,All-Rookie,1st,Sherman Douglas,,12191.0,,,MIA,23
1990,NBA,All-Rookie,1st,Tim Hardaway,,12219.0,,,GSW,23
1990,NBA,All-Rookie,1st,Vlade Divac,,12246.0,,,LAL,21
1990,NBA,All-Rookie,2nd,Blue Edwards,,11833.0,,,UTA,24
1990,NBA,All-Rookie,2nd,Glen Rice,,11937.0,,,MIA,22
1990,NBA,All-Rookie,2nd,J.R. Reid,,11955.0,,,CHH,21
1990,NBA,All-Rookie,2nd,Sean Elliott,,12185.0,,,SAS,21
1990,NBA,All-Rookie,2nd,Stacey King,,12196.0,,,CHI,23
1989,NBA,All-Defense,1st,Dennis Rodman,,11475.0,,,DET,27
1989,NBA,All-Defense,1st,Joe Dumars,,11564.0,,,DET,25
1989,NBA,All-Defense,1st,Larry Nance,,11616.0,,,CLE,29
1989,NBA,All-Defense,1st,Mark Eaton,,11635.0,,,UTA,32
1989,NBA,All-Defense,1st,Michael Jordan,,11647.0,,,CHI,25
1989,NBA,All-Defense,2nd,A.C. Green,,11363.0,,,LAL,25
1989,NBA,All-Defense,2nd,Alvin Robertson,,11372.0,,,SAS,26
1989,NBA,All-Defense,2nd,John Stockton,,11579.0,,,UTA,26
1989,NBA,All-Defense,2nd,Kevin McHale,,11606.0,,,BOS,31
1989,NBA,All-Defense,2nd,Patrick Ewing,,11674.0,,1962.0,NYK,26
1989,NBA,All-NBA,1st,Charles Barkley,F,11417.0,,,PHI,25
1989,NBA,All-NBA,1st,Hakeem Olajuwon,C,11526.0,,,HOU,26
1989,NBA,All-NBA,1st,Karl Malone,F,11590.0,,,UTA,25
1989,NBA,All-NBA,1st,Magic Johnson,G,11623.0,,,LAL,29
1989,NBA,All-NBA,1st,Michael Jordan,G,11647.0,,,CHI,25
1989,NBA,All-NBA,2nd,Chris Mullin,F,11426.0,,,GSW,25
